gene_id,baseMean,log2FoldChange,lfcSE,stat,pvalue,padj,gene_name
ENSG00000067601.8,38.423742341062805,1.5901909659439706,0.528651919045711,3.008011337241493,0.0026296332777573316,0.007006582508855375,PMS2P4
ENSG00000078319.9,167.3628815359107,2.161865809950736,0.2616561669182745,8.262239088085288,1.4296498385771183e-16,1.1521092023505186e-15,PMS2P1
ENSG00000080947.15,470.7664783907195,2.4736806393416906,0.18238354043496477,13.563069526132859,6.630235714834345e-42,1.1731441893068003e-40,CROCCP3
ENSG00000123965.13,39.76830042622307,3.1809720953079648,0.5567426192875674,5.713541563206492,1.1064883275829104e-8,5.627938761667885e-8,PMS2P5
ENSG00000127957.18,265.4906343320354,2.0487980111936683,0.2122951772384475,9.650704447668549,4.881920298799061e-22,4.841170251919387e-21,PMS2P3
ENSG00000139239.7,38.56149262889497,4.161769511650193,0.6378796946449373,6.524379983543381,6.828340006214753e-11,4.062536627703841e-10,RPL14P1
ENSG00000143429.10,315.000958582386,1.174908097425344,0.19213126531297026,6.115132253522036,9.647691825569503e-10,5.317242228900954e-9,LSP1P4
ENSG00000146722.11,40.41373891344436,2.8450103943627374,0.5629298413895768,5.053934229778808,4.3280070233052773e-7,1.931314268351668e-6,AC211486.1
ENSG00000154874.15,275.2551309380124,1.5417227371430806,0.20370640348803465,7.568356766131992,3.7797476132440924e-14,2.7045431177175344e-13,CCDC144B
ENSG00000158482.10,28.24556401161338,3.1182661933608524,0.7198261732538526,4.331971119173477,1.4778033033726341e-5,5.653267990847166e-5,SNX29P1
ENSG00000159247.13,95.33829634055053,2.1492653815320004,0.3870246891809725,5.553303036248949,2.8032149077459648e-8,1.3850907395296039e-7,TUBBP5
ENSG00000164845.16,25.45902189771968,4.036869616508207,0.7540577775504966,5.353528252996332,8.625555990222038e-8,4.095018953937002e-7,FAM86FP
ENSG00000165121.11,192.57403913304563,1.7986872813333628,0.2519091578555196,7.1402218825445996,9.31803833683573e-13,6.1909327946779415e-12,AL353743.1
ENSG00000165874.13,133.66211029284008,1.0201594209212728,0.28026252566516113,3.640013656838627,2.7262358098922694e-4,8.712430366839748e-4,SHLD2P1
ENSG00000169668.11,21.735722323409792,1.9091496533374068,0.7144415165592656,2.6722266400920107,0.007534973829820304,0.018094332759858847,BCRP2
ENSG00000171084.15,33.65333364507467,2.114764186922863,0.5590031844852369,3.783098639894624,1.5488799611600997e-4,5.157420562474815e-4,FAM86JP
ENSG00000172250.16,76.48803379784263,1.339360997570743,0.38044162505961704,3.52054273073,4.306645956434693e-4,0.00132919965612105,SERHL
ENSG00000172900.12,58.372704278341374,1.0835653403858316,0.4396411021006899,2.4646588665353346,0.013714375183877857,0.030831340711491722,AP002387.1
ENSG00000173727.12,87.89979704292678,1.0481650640512288,0.34669081835876964,3.023342438121754,0.0024999917513711736,0.006692127418861784,AP000769.1
ENSG00000174028.6,29.050206632750832,9.06724631995529,1.5654330352804635,5.7921649253625205,6.948485783332981e-9,3.5897112576604454e-8,FAM3C2
ENSG00000174384.9,50.916259144531445,2.581439893597982,0.5414847328837029,4.767336430429719,1.8667744215579092e-6,7.841657448098875e-6,PMS2P6
ENSG00000178464.6,15.038363338471855,3.7353664181461443,1.0294809472164403,3.628397813719628,2.8518558677157027e-4,9.082857549752415e-4,RPL10P16
ENSG00000180015.12,169.42742988475035,3.0837015451075893,0.29778862964376507,10.355336766204008,3.957912431010253e-25,4.374011899578626e-24,AC093909.1
ENSG00000180581.7,23.194831263107822,8.739558517921134,1.627916595700033,5.368554225078693,7.937032842310899e-8,3.77832547675471e-7,SRP9P1
ENSG00000181524.6,9.590987532631525,6.002409554354203,1.7432228638462057,3.4432829438174233,5.74697709084303e-4,0.001738043971700544,RPL24P4
ENSG00000182484.15,1414.8627184231564,1.827741744541098,0.11624595803003149,15.72305631537667,1.051277053259588e-55,2.432235890300274e-54,WASH6P
ENSG00000183298.5,4.850369897070462,3.9557594953589708,1.6707451904695139,2.367661758312362,0.017900892931574458,0.03897808229257701,RPSAP19
ENSG00000183444.10,540.4215345638023,4.157960998659428,0.18648166664746613,22.296888876051483,3.960988044983367e-110,2.1137978625795376e-108,OR7E38P
ENSG00000183506.17,1071.3460770502056,1.7535444618653366,0.12230860958805274,14.337048452855807,1.284012051281057e-46,2.5240152850461116e-45,PI4KAP2
ENSG00000183666.17,825.5893652352485,2.962984237076013,0.13988464021909336,21.181626749264677,1.410756760979199e-99,6.59925561096801e-98,GUSBP1
ENSG00000184414.2,171.22769945407646,1.9538946738038234,0.27447065400351733,7.1187744310864804,1.0889094753345574e-12,7.202777700522753e-12,IRS3P
ENSG00000184669.9,56.123281874066556,2.5977677635463237,0.4590544065124952,5.658953986046998,1.5229837810816617e-8,7.650182623829327e-8,OR7E14P
ENSG00000184906.11,41.1758414906451,1.2379227632290384,0.511275661541134,2.4212432868358684,0.015467521605098547,0.03427262017839553,AMYH02020865.1
ENSG00000186162.10,206.58385754927355,1.6639579029889013,0.2521661158025706,6.598657784345897,4.148967646189526e-11,2.5007407568275023e-10,CIDECP1
ENSG00000186312.10,114.06933410875085,1.3291435934105897,0.3055162814974606,4.350483669465706,1.3583757204589048e-5,5.217068931250634e-5,CA5BP1
ENSG00000188002.10,476.61441696753576,3.0205952436828034,0.18574781855258946,16.261807364524195,1.842225066375055e-59,4.603717365370317e-58,AC026412.1
ENSG00000188985.6,78.01784629893007,1.471331059550761,0.4637057943325994,3.1729839858231927,0.0015088084654966485,0.0042211669787906424,DHFRP1
ENSG00000189136.9,483.49341556125955,1.9564004727819984,0.1661973107632833,11.77155312439755,5.470792375717016e-32,7.495861883030481e-31,UBE2Q2P1
ENSG00000189149.12,168.7507669495635,1.7301174817459422,0.2940900943486169,5.882950548123686,4.030163707539845e-9,2.1141587712691062e-8,CRYM-AS1
ENSG00000189343.7,139.79279217513687,6.183015145873278,0.49223686254941806,12.561056711295235,3.456848505597381e-36,5.299085026143082e-35,RPS2P46
ENSG00000196204.11,495.71195457433095,1.4357953366776472,0.15950837364522322,9.001379074123893,2.2289989105004813e-19,2.0124176532739264e-18,RNF216P1
ENSG00000196205.8,425.40279436674115,3.5934262144188622,0.2122733257913103,16.928298461539267,2.7830956754301395e-64,7.651085246191691e-63,EEF1A1P5
ENSG00000196274.5,375.04488929432375,1.6044295120653165,0.23174615756376893,6.923219478294177,4.414929363893839e-12,2.8254415411768653e-11,Metazoa_SRP
ENSG00000197149.5,109.42105853953731,5.257081097472988,0.4532949904584512,11.597483334541396,4.24374903019715e-31,5.684535054409051e-30,AC107956.1
ENSG00000198237.8,640.8365971684766,4.5540375371551685,0.18850379047896507,24.15886452778438,6.025259553967008e-129,3.921396098405745e-127,AC131392.1
ENSG00000199291.1,16.71071127238148,4.767901931660477,1.044773174681876,4.563576139971492,5.028955954115576e-6,2.0219833918118737e-5,Y_RNA
ENSG00000199293.1,189.772750712475,1.588504111602626,0.24540968819238945,6.472866345673015,9.616100796251001e-11,5.67376479381479e-10,SNORA21
ENSG00000199319.1,19.832096044444427,4.7007953619415614,0.9659651932834351,4.866423132662758,1.1363609115706247e-6,4.880271549361836e-6,RN7SKP25
ENSG00000199347.1,239.2542527892953,2.1970008945199146,0.2704258092389843,8.124227863836591,4.502192540313072e-16,3.5423558547146586e-15,RNU5E-1
ENSG00000199370.2,34.2161946784165,4.206942396534427,0.6670114531761013,6.307151663591793,2.842172976644228e-10,1.6266292214638672e-9,U3
ENSG00000199377.1,322.44955097669987,4.224971463721336,0.26397290216242,16.00532262634197,1.1730358833857772e-57,2.834410676093898e-56,RNU5F-1
ENSG00000199568.1,362.21855926026825,1.9877010861274165,0.2152591018574227,9.23399321550628,2.6072632888037304e-20,2.4331748235725086e-19,RNU5A-1
ENSG00000199640.1,6.795102547271653,6.9693754980669995,1.9107091104184948,3.6475335047418733,2.647697941836362e-4,8.483174334620828e-4,RN7SKP294
ENSG00000199683.1,408.2501123327751,6.06020356890109,0.3027871196063025,20.014733707235767,4.098207242846709e-89,1.6229117518035024e-87,RN7SKP185
ENSG00000199691.1,29.074950586178552,1.974913120347643,0.6040530696794042,3.2694364443769994,0.0010776194289324659,0.003111967827084032,RN7SKP173
ENSG00000199753.1,212.3915630224155,1.649540686522578,0.23779197606292235,6.936906424824408,4.007790991958012e-12,2.574238290436365e-11,SNORD104
ENSG00000199831.1,3.722313354638601,6.1068101972035205,2.2034569713162755,2.7714678692162096,0.005580417945680741,0.013820859733437295,RN7SKP291
ENSG00000199879.1,74.35470622125519,5.791324144375389,0.6172286851560155,9.382785155086449,6.425260898964992e-21,6.13978489604896e-20,RNU1-120P
ENSG00000199883.1,15.09975489769011,2.8080286906676033,0.8823531841361052,3.182431639793865,0.001460439870306744,0.004102331472813221,RN7SKP90
ENSG00000199961.1,17.777141567250236,2.1109164426140876,0.7822868746815479,2.6983917421257977,0.006967539572912965,0.016862910245260175,SNORD1B
ENSG00000199990.1,133.39755091638344,6.640266232064216,0.5564282819841687,11.933732427089575,7.895241686804226e-33,1.102975947828021e-31,VTRNA1-1
ENSG00000200047.1,10.863952219128295,2.86665677844006,1.0267742570880902,2.7919055806578528,0.005239864368090828,0.013066055260028587,RN7SKP115
ENSG00000200063.1,11.570594288339285,3.144171748659356,1.005457996224111,3.1271040266892833,0.001765374503307053,0.004865399487988363,AC061992.1
ENSG00000200091.1,70.93404102731748,3.1760732747819564,0.4353384803702539,7.295641019559578,2.9724045839574525e-13,2.034007964217559e-12,RN7SKP163
ENSG00000200151.1,4.512309007717775,4.914883910659547,2.0814589165121857,2.3612687580186376,0.018212526317926282,0.03957648631620466,RN7SKP231
ENSG00000200156.1,200.3755035070007,1.529767313397466,0.2599543356254244,5.884753988491853,3.986465091195469e-9,2.0927019445942477e-8,RNU5B-1
ENSG00000200169.1,426.3491207225527,4.709353243353287,0.21953133223678442,21.451850154463706,4.38845987126532e-102,2.1293632354285438e-100,RNU5D-1
ENSG00000200259.1,23.27276197431343,2.943911590157464,0.7433765933076011,3.96018870739357,7.489055945147028e-5,2.600108510794523e-4,SNORD35A
ENSG00000200312.1,1034.9096764472147,5.9522754661953154,0.23162995854064555,25.697347198509437,1.251476678670056e-145,9.1605645002504e-144,RN7SKP255
ENSG00000200488.1,378.28157699294763,5.682260468156395,0.2939042258775974,19.33371475414883,2.795469855812887e-83,1.0193760845715737e-81,RN7SKP203
ENSG00000200673.1,13.019117147307105,5.422222736733923,1.3470544131383,4.0252440316063405,5.6916261137663504e-5,2.0103339145108187e-4,RN7SKP174
ENSG00000200693.2,8.972240650724338,4.258634734439619,1.329104293193245,3.204138874766568,0.0013546711599127267,0.003831835334983675,U3
ENSG00000200783.1,46.26096753218115,4.931095477127933,0.6414296684587592,7.687663542250039,1.49846242492215e-14,1.0968451852645313e-13,RN7SKP180
ENSG00000200794.1,16.943937269323605,5.83552450284006,1.3165014057631803,4.432600282304436,9.310337501332061e-6,3.6435671126128005e-5,RN7SKP250
ENSG00000200795.1,4363.070646400084,2.9618891294281697,0.10843851745642429,27.31399505363393,2.8929185471370148e-164,2.432814479331122e-162,RNU4-1
ENSG00000200816.1,64.1498781215599,1.6901724064123298,0.40913901233186273,4.131046796978112,3.611150521606871e-5,1.3109085038907057e-4,SNORA38
ENSG00000200867.1,16.649471752311644,3.5243838443966875,0.9108330581723519,3.869407036530494,1.0910037034446726e-4,3.7175584877904177e-4,RN7SKP36
ENSG00000200879.1,64.02827187502541,2.349999433360162,0.42878291853652295,5.480627449854892,4.238200816284383e-8,2.0641492766865439e-7,SNORD14E
ENSG00000200913.1,621.3630542384599,4.470422003107838,0.19208333481242784,23.273346474712497,8.256041145303365e-120,4.993320400163477e-118,SNORD46
ENSG00000200972.1,77.9378630778191,2.533260725508817,0.3894310024733434,6.5050309539293005,7.767738369242756e-11,4.6022274153649243e-10,RNU5A-8P
ENSG00000200997.1,185.4534696806179,4.137758974560559,0.3266571369930164,12.666978632856322,9.011906185528514e-37,1.397195481006487e-35,RNU1-85P
ENSG00000201078.1,4.635302027042949,4.948082320255653,2.0156587411231763,2.454821453307347,0.014095457824626189,0.0316191979884354,RN7SKP214
ENSG00000201098.1,2220.7678521425637,10.425606496166527,0.44774863001278997,23.28450786296927,6.363905990736636e-120,3.8567331487990568e-118,RNY1
ENSG00000201129.1,5.87325171950868,3.6609850819257654,1.5759753119660325,2.3229964670948298,0.020179342229777405,0.04327572691082206,SNORA58B
ENSG00000201161.1,6.022245538357851,4.258793887678329,1.6446683878151704,2.5894544573425198,0.009612813739249337,0.02246767255255263,RN7SKP10
ENSG00000201183.1,51.52399469755819,4.692984061765009,0.5927143224955385,7.917784139255947,2.417806399512613e-15,1.833441945000218e-14,RNVU1-3
ENSG00000201201.1,40.82669159563212,6.107234396689203,0.8786983643765468,6.950319522925711,3.644597837808012e-12,2.3459894660996828e-11,RN7SKP118
ENSG00000201289.1,9.806254341717649,4.394322066083032,1.2948437725797384,3.3937083060824804,6.89530952891022e-4,0.002055479206178574,RN7SKP76
ENSG00000201302.1,110.47304928102817,2.9606766467534746,0.34221926942219244,8.65140251088818,5.08703375195935e-18,4.3737971414749864e-17,SNORA65
ENSG00000201315.1,23.60698570285285,4.985047750339308,0.9540809710469685,5.224973457828139,1.741800929761602e-7,8.065898876288144e-7,RN7SKP227
ENSG00000201340.1,13.084851370902369,3.7966737666805384,1.0289858837931376,3.6897238596557886,2.2449760449878319e-4,7.276969774236219e-4,Y_RNA
ENSG00000201423.1,6.799340261204331,3.4220708886793076,1.3558902494537532,2.523855371080333,0.011607567292024619,0.02657190316475249,RN7SKP246
ENSG00000201428.1,67.18638690207533,6.500871299674128,0.7544729577620451,8.616440434071134,6.906770191087745e-18,5.90447989665291e-17,RN7SKP71
ENSG00000201496.1,4.108571945303963,6.2507317910892155,2.1451685633936015,2.913865090956171,0.003569841417026286,0.009248348247052004,RN7SKP275
ENSG00000201558.1,259.30724768059946,4.515255271894604,0.28659351850214027,15.754910632638346,6.354913505058031e-56,1.4805712102290063e-54,RNVU1-6
ENSG00000201600.1,15.183072543478156,2.9175265060473614,0.8772137244107706,3.325901573196521,8.813304447765437e-4,0.0025814764558966994,RN7SKP124
ENSG00000201654.1,456.79284277113686,6.16794953822681,0.6399518828699168,9.638145778345294,5.517557928984057e-22,5.457041601517169e-21,RNU6-7
ENSG00000201699.1,12.948957421344502,3.5538857687249403,1.008914850435855,3.5224833564394937,4.275238849524284e-4,0.0013201867011558331,RNU1-59P
ENSG00000201715.1,4.648401896334252,4.928015751567112,2.0134533493472215,2.447544043255244,0.014383354480557681,0.032195055434686794,RN7SKP133
ENSG00000201758.1,23.045099738558353,7.28708965164682,1.568750739881019,4.645154559225582,3.3982194496742218e-6,1.3888859233357932e-5,RN7SKP55
ENSG00000201793.1,153.918117266292,4.616843894508846,0.34309585104499346,13.456425895116391,2.822416568599852e-41,4.9240971579686704e-40,RN7SKP9
ENSG00000201794.1,6.04006383768938,5.3316125639585215,1.9019533579155101,2.80322992242135,0.0050593586806397875,0.012667886901375906,RN7SKP130
ENSG00000201801.1,20.59055192426875,3.05557696224538,0.7794373729000669,3.9202340925434958,8.846299662489274e-5,3.046595183430391e-4,RNU5E-4P
ENSG00000201875.1,276.33422865487483,6.696370865954383,0.3963524331687226,16.89499118857135,4.897870806465525e-64,1.3378873741237673e-62,RN7SKP178
ENSG00000201901.1,43.03070909283357,6.597279109693238,0.9621080573454842,6.857108262761607,7.026837962100554e-12,4.43817457614697e-11,RN7SKP48
ENSG00000201912.1,115.38776653253466,5.584491300594132,0.475245762666184,11.750744013506793,6.999978764496606e-32,9.573566206098648e-31,RN7SKP189
ENSG00000201967.1,15.582853669008232,5.093325026472465,1.1429756212851967,4.456197430305097,8.342620686885655e-6,3.283741495187782e-5,RN7SKP22
ENSG00000202058.1,126.02321118476107,5.000936525613197,0.402183581633073,12.434462156080098,1.6988036458394277e-35,2.5544341310467497e-34,RN7SKP80
ENSG00000202111.1,340.90054573365416,7.472645173173507,0.44372188232233606,16.84083086924503,1.225042582766528e-63,3.32204029373771e-62,VTRNA1-2
ENSG00000202198.1,536964.9205655904,14.454954194989062,2.4012867874812276,6.019670066211142,1.7477294405023543e-9,9.448090283452416e-9,7SK
ENSG00000202217.1,4.170068454966549,6.268843441219224,2.134370086486582,2.9370930003701745,0.0033130473267953485,0.00864366107796071,RN7SKP47
ENSG00000202241.1,17.237781181703546,5.256277064765277,1.1188312917289007,4.698006843053959,2.627126320403432e-6,1.0864885727343272e-5,RN7SKP186
ENSG00000202314.1,61.30932023057591,1.7413558906396875,0.4618585925802968,3.7703226022301246,1.6303665966746315e-4,5.411298799472851e-4,SNORD6
ENSG00000202354.1,1633.966603952587,8.436859648485912,0.28133216017141355,29.988962667280546,1.3669647616451934e-197,1.4827605447149928e-195,RNY3
ENSG00000202360.1,4.942585636297273,6.516811765118139,2.041036174101773,3.192893809432889,0.0014085473457683471,0.003968108632503319,RN7SKP249
ENSG00000202395.1,12.417848737148368,3.9839684982729247,1.0676478064799808,3.731538129046516,1.9031419724085532e-4,6.238504803456396e-4,RN7SKP1
ENSG00000202406.1,41.51619502067774,9.585369544527737,1.524300046279997,6.288374502067692,3.2080725386430333e-10,1.828350954919001e-9,RN7SKP187
ENSG00000202408.2,22.579725277957483,5.644915205528141,1.0564618034145399,5.343226974494941,9.130631482858612e-8,4.323834946754526e-7,RNU1-122P
ENSG00000202415.1,28.080216154209324,4.518740706146011,0.8239219933468412,5.484427825248968,4.1480979407080775e-8,2.0225693183862937e-7,RN7SKP269
ENSG00000202444.1,89.20972934775756,2.3344990069616007,0.3669545813948532,6.3618200325713214,1.9937697032622125e-10,1.1538657911514424e-9,RNU5E-6P
ENSG00000202512.1,27.81182063787945,2.2968512735345508,0.6934766117753974,3.3120818129025134,9.260446021267427e-4,0.002704245347100119,RN7SKP230
ENSG00000202515.1,790.0168476659533,6.105463238478498,0.21147777916079288,28.87047170017958,2.804420888608628e-183,2.770915926177066e-181,VTRNA1-3
ENSG00000202538.1,7357.677168714302,3.202989612118497,0.11406636338031868,28.08005372661113,1.7166888469944107e-173,1.562134671772604e-171,RNU4-2
ENSG00000203411.3,363.3115311529526,3.338909592732537,0.1987966737182614,16.79560090358708,2.6282903794326425e-63,7.08242640679158e-62,Metazoa_SRP
ENSG00000203573.4,198.27432653526395,2.2589218901028594,0.2486593741078359,9.08440270232175,1.0426960748418773e-19,9.531674836218663e-19,Metazoa_SRP
ENSG00000204196.5,16.574560333230867,8.26615355815049,1.6644877062047514,4.966184807095029,6.828288795056888e-7,2.9996377101454604e-6,RPL12P16
ENSG00000204658.5,10.679802517723616,3.259162138508869,1.1319774597775853,2.8791758266540395,0.003987159727652275,0.010219827733429264,CST9LP2
ENSG00000205267.5,22.82487713608496,1.7821348350316506,0.6836347386144246,2.6068523648222457,0.009137875005849417,0.021503670957799075,DGAT2L7P
ENSG00000205763.13,268.31818624597383,2.6010117223547624,0.23120984312966095,11.249571761943251,2.3271919418394218e-29,2.966005634516331e-28,RP9P
ENSG00000205771.6,105.71153361363685,1.1853736939494357,0.33462532338018686,3.5423908805690276,3.9651743607209693e-4,0.0012313778367192547,CATSPER2P1
ENSG00000205871.5,6.162857917955944,6.835710250998021,1.9369090323471123,3.529184972984832,4.168416635072512e-4,0.0012897277513518072,RPS3AP47
ENSG00000206159.11,86.33878956858416,1.7899219714242351,0.3511901579513904,5.096731587996225,3.455677491328241e-7,1.557369753656253e-6,GYG2P1
ENSG00000206603.1,21.007598945656422,1.8690102299259779,0.7083849787847196,2.638410307813678,0.008329573147506082,0.019797808223034997,SNORA22B
ENSG00000206630.1,53.69112990062425,2.1007204681490506,0.4544893048204839,4.622156002062143,3.7977224029081004e-6,1.5454154315381638e-5,SNORD60
ENSG00000206656.1,61.728433491126545,2.8840768575335005,0.4400277428533133,6.554306868998781,5.5900909182332447e-11,3.343111104875487e-10,SNORD116-17
ENSG00000206754.1,115.04528023718316,2.3169390676249035,0.32457019190541214,7.138483833106021,9.436596658298645e-13,6.2669217115382615e-12,SNORD101
ENSG00000206755.1,19.651139786766993,2.189159807256472,0.7340758086678663,2.982198543266477,0.002861863368828652,0.007567432038155113,SNORA30
ENSG00000206775.1,32.79319190286513,3.187899789554741,0.6262306909365616,5.090615703914265,3.569027097720615e-7,1.6072432799572768e-6,SNORD37
ENSG00000206828.1,155.4320789349739,3.821120081799678,0.3101915780024805,12.318581008569879,7.194914042481466e-35,1.0621367682633636e-33,U1
ENSG00000206885.1,86.78902251939306,1.500076417197935,0.3675542116277036,4.081238548607261,4.479634917937969e-5,1.606123475128466e-4,SNORA75
ENSG00000206903.1,13.589641540445426,2.724411934966924,0.9382652467144257,2.903669239063415,0.0036881757552779193,0.009522777555973293,SNORA24B
ENSG00000206965.1,481.5551673804138,4.15863321457372,0.22817607547340535,18.225544487719187,3.2363859660089072e-74,1.032952271325956e-72,RNU6-5P
ENSG00000207051.1,42.400658050741576,1.6427173390147154,0.49869926166126227,3.2940039524873383,9.877110958652691e-4,0.0028719983282842294,SNORA27
ENSG00000207112.1,7.699229064317374,3.2937886717394886,1.3932250063417522,2.364146966029647,0.018071641992096328,0.03930752818652861,SNORA25
ENSG00000207132.1,4.385136324994064,4.831557464532069,2.0461925930450153,2.3612427691090643,0.018213802807958708,0.03957648631620466,Y_RNA
ENSG00000207181.1,34.61393167723762,1.3583551983796835,0.5407935900585429,2.5117812476894126,0.012012352444916273,0.027406325826543468,SNORA14B
ENSG00000207191.1,3.9855789259787895,6.213075932051515,2.2164037636458245,2.803223868304326,0.0050594536602228506,0.012667886901375906,SNORD116-5
ENSG00000207205.1,107.4988599437057,4.493476075791262,0.4048317000520877,11.099615161592112,1.259851838693263e-28,1.566989794216822e-27,RNVU1-15
ENSG00000207217.1,65.9355448513672,1.1804877236323783,0.39918571878498066,2.9572393702497206,0.0031040704196323835,0.008149579954657047,SNORA80D
ENSG00000207264.1,4.7408165746196715,6.447257141337275,2.1089684029345563,3.0570667309980273,0.002235145104833354,0.006043147669872749,RNU6-15P
ENSG00000207269.1,6.101361408293357,6.823421339804751,1.9509512464057668,3.4974842925344882,4.6966836958213694e-4,0.0014428867776859944,RN7SKP62
ENSG00000207280.1,314.1630151108649,3.6139204213673253,0.2279065487536347,15.857027545417077,1.2570422814756603e-56,2.9796778957100805e-55,SNORD20
ENSG00000207406.1,31.778793983914028,1.5394028435176221,0.5959758459619336,2.582995357862116,0.009794664087651454,0.022839212824683323,SNORA41
ENSG00000207501.1,66.066231082787,5.555103183136553,2.0188868644687887,2.751567351743713,0.005931082204200603,0.014601162653511855,RNVU1-14
ENSG00000207805.3,7.817702592660931,2.7230464395033316,1.2002348025340748,2.2687614404732477,0.02328283702416038,0.04914280702406327,MIR483
ENSG00000208037.1,31.94678278520287,4.921862388020971,0.7779925781639941,6.326361621130381,2.5100918929010295e-10,1.4429172636265557e-9,MIR320A
ENSG00000209042.1,404.14987540471145,2.5573437724754506,0.1826438934697586,14.001802764344184,1.5196636992275209e-44,2.8740171716660464e-43,SNORD12C
ENSG00000209482.1,186.14429593487515,4.078326088946769,0.29300804487205345,13.918819501108352,4.868792622318434e-44,9.087401092703822e-43,SNORD83A
ENSG00000210082.2,5120.538512056127,3.190127589213988,0.45493314156260717,7.012299825544734,2.3443213778168156e-12,1.5227661837509183e-11,MT-RNR2
ENSG00000211459.2,2122.815310446094,3.0141076536786575,0.39852325611205874,7.563191375790465,3.9329828905134655e-14,2.8115005199663835e-13,MT-RNR1
ENSG00000211581.1,11.06162445539769,5.216391064831722,1.395133672277906,3.738990154480792,1.847609621504582e-4,0.00060690955506478145,MIR765
ENSG00000212163.5,21.630912218455418,2.9452221148823243,0.7498360782697218,3.927821293526644,8.571886537813762e-5,2.957533008748051e-4,SNORD91A
ENSG00000212195.2,2122.57760196562,5.356674718371067,0.1417016903289221,37.80247579218707,0,0,U3
ENSG00000212371.1,14.765895784189961,2.7396684520912964,0.8789212854759294,3.117080559276461,0.0018265165313825333,0.005020405060276375,AF111168.1
ENSG00000212385.1,8.15550649242087,4.125486145561792,1.3546355047286998,3.0454584507498392,0.0023232587623117145,0.006261784855390758,RNU6-817P
ENSG00000212498.1,376.1732837188271,4.986184448569816,0.26209152348049647,19.02459256352433,1.0671359722165863e-80,3.7541617786392666e-79,SNORD86
ENSG00000212588.1,121.66888549931183,2.186577109879786,0.30633106350976264,7.137954227779778,9.473016246215513e-13,6.2897130268174766e-12,SNORA26
ENSG00000212607.1,111.6258582525095,1.9775465358667996,0.31220125081273725,6.334204397704224,2.3856907770739704e-10,1.37325149940474e-9,SNORA3B
ENSG00000212802.4,6.487619998958719,6.9126314447191435,1.9290921148532925,3.5833599606231603,3.392026541355009e-4,0.0010661468828880446,RPL15P3
ENSG00000213025.2,15.95567256279921,4.370330961381561,0.9968116226693773,4.384309795343461,1.1635409334339166e-5,4.505767489994127e-5,COX20P1
ENSG00000213058.3,17.684492011826066,2.313636210217188,0.8138653855627136,2.8427750476419633,0.004472262370591076,0.011339933162594702,AL365357.1
ENSG00000213189.5,83.94392025360274,3.278645708200164,0.41485761047054376,7.903062702601567,2.721326050028124e-15,2.0578696460152052e-14,BTF3L4P2
ENSG00000213362.3,7.321832629010639,5.613984501327177,1.8340722367594207,3.060939688638652,0.002206435340251513,0.005970377911826626,FTH1P12
ENSG00000213399.3,4.709898405996839,4.944459078589386,2.0009772081814168,2.4710221877455294,0.013472745934372754,0.030338252559853437,AC022210.1
ENSG00000213553.4,58.516465591596294,5.149613001298595,0.6064180189471293,8.491853540630963,2.033672001667993e-17,1.7068705462836103e-16,RPLP0P6
ENSG00000213621.3,7.690471859403079,4.022704739876715,1.3847450041009948,2.9050148063096555,0.003672357275489524,0.009484388553623654,RPSAP54
ENSG00000213753.11,400.92631503389407,1.349289455635363,0.1828951875691566,7.377391792362867,1.6142046720575755e-13,1.1183998952108237e-12,CENPBD1P1
ENSG00000213866.3,4.942585636297273,6.516811765118139,2.041036174101773,3.192893809432889,0.0014085473457683471,0.003968108632503319,YBX1P10
ENSG00000213885.4,18.79148991128896,3.2929735012288326,0.8392721425289499,3.9236063421648057,8.723323332690494e-5,3.007356678190788e-4,RPL13AP7
ENSG00000213939.4,14.129753268524654,3.6508038430429375,0.9977835050610652,3.658913806978103,2.532865034967503e-4,8.137022579338674e-4,AC091153.1
ENSG00000214174.8,129.20997681237247,2.1175132633351526,0.2940394159008531,7.201460582581062,5.95709490788538e-13,4.005918853375393e-12,AMZ2P1
ENSG00000214199.3,15.2314111333153,3.581275111713609,0.9170347674085623,3.9052773558781113,9.41173764451094e-5,3.229809738667681e-4,EEF1A1P12
ENSG00000214255.5,6.382304390440606,4.407601600901776,1.6241920325461234,2.7137195064257957,0.006653247367899642,0.016191263184862584,RPS2P6
ENSG00000214263.2,25.05542572383034,4.7846911094761175,0.8522968589548149,5.6138786142467545,1.9784102547234572e-8,9.858463083540423e-8,RPSAP53
ENSG00000214389.2,21.284445102395463,2.209255594186585,0.723124436174102,3.055152728450566,0.0022494593968985944,0.006078006807251816,RPS3AP26
ENSG00000214485.6,11.131759393904103,3.0489939022842587,1.1341450815881606,2.6883632013064025,0.007180324971985374,0.017314906887740487,RPL7P1
ENSG00000214725.9,17.272456348151508,3.281904480828045,0.8388922676508058,3.9121882599043794,9.146356545539816e-5,3.143337922121477e-4,CDIPTOSP
ENSG00000214765.8,556.3398105053209,1.3781333728171623,0.15176457687348824,9.080731493528834,1.078475736189853e-19,9.852733167547093e-19,SEPTIN7P2
ENSG00000214784.4,8.388193722721303,4.790888755771312,1.471135945480844,3.2565914594693695,0.001127585973739316,0.003243123151292885,AC010468.1
ENSG00000214837.8,73.84388272504148,3.4968697260715995,0.42096469691968996,8.30680043162555,9.831709604421871e-17,7.987563694360434e-16,LINC01347
ENSG00000214855.9,88.0073941415009,2.4096627191611897,0.356570975523636,6.757876789109159,1.4002852691916184e-11,8.69024469093256e-11,APOC1P1
ENSG00000215030.5,28.360562319180744,4.7366641782085335,0.7900705482266893,5.9952420563454245,2.031825669341897e-9,1.0912952437882618e-8,RPL13P12
ENSG00000215124.2,94.65669382744233,1.6548986798319782,0.34006704573777036,4.866389438711123,1.136554567394985e-6,4.880403132339509e-6,AMD1P4
ENSG00000215302.8,445.2231488352297,5.264617284264379,0.2315570096740035,22.73572841381976,1.986497578144812e-114,1.1157929548686563e-112,AC127502.1
ENSG00000215467.2,11.676191673906338,7.75425736530643,1.7172221109155013,4.515582064787419,6.314308756246393e-6,2.5158074999268635e-5,RPL27AP
ENSG00000215630.6,1248.7567939790192,3.9047319659160706,0.13021126819661896,29.987665583749074,1.421245052843246e-197,1.5360734437552744e-195,GUSBP9
ENSG00000215914.4,6.02258536594093,6.792912872858632,1.988004057947795,3.416951210789236,6.332662744716064e-4,0.0019015773044263743,MMP23A
ENSG00000217325.2,382.29227831301955,5.019221179901438,0.24314381989549003,20.64301359606359,1.1280519630175853e-94,4.959121830957485e-93,PRELID1P1
ENSG00000217416.4,72.09415648340017,10.37959124033315,1.494811586775518,6.943745507568035,3.8183811679397635e-12,2.4541583384667377e-11,ISCA1P1
ENSG00000217801.10,87.12485407223578,2.108433043429663,0.35450427142679897,5.94755328319092,2.7218018085613566e-9,1.447598197632082e-8,AL390719.1
ENSG00000218175.2,18.59858300496998,3.8932162493339275,0.9000024524352843,4.325784045142781,1.5199027302555863e-5,5.804675078248723e-5,AC016739.1
ENSG00000218617.1,12.742610818151144,4.025704406883424,1.0584996369236823,3.803217560455032,1.428288158918858e-4,4.780334365758834e-4,AL121949.3
ENSG00000219507.4,7.78268759862989,5.686307509104994,1.8165124003001827,3.1303433481463263,0.0017460209566215479,0.004820396108385827,FTH1P8
ENSG00000219529.2,18.39594649969156,2.023541878290777,0.7698750904329341,2.6284028453925576,0.008578685659403245,0.0203299842690742,AP000580.1
ENSG00000220804.8,163.57117610967646,2.6751050213871563,0.27565413699686653,9.704570555447768,2.882877423155867e-22,2.8797992757571017e-21,LINC01881
ENSG00000220875.1,6.1190388191004175,4.338137097648578,1.6312311872502723,2.6594250597680595,0.007827414122680178,0.01870955081874644,HIST1H3PS1
ENSG00000221164.1,43.81989535284606,3.464916469047352,0.5623094929269088,6.161938421156506,7.185979754329837e-10,3.998770667009789e-9,SNORA11F
ENSG00000221241.1,72.9706717016164,3.240664887797057,0.4832542567365247,6.705921039747616,2.0013992907105183e-11,1.2283290685791615e-10,SNORD88A
ENSG00000221500.1,135.59507141841874,1.7541676632904353,0.3022400063551381,5.8038897115071295,6.479390464034465e-9,3.355474687982422e-8,SNORD100
ENSG00000221539.1,20.428541074118606,3.878200205506347,0.8718258781756093,4.4483655539359575,8.652618173125567e-6,3.3990563294453906e-5,SNORD99
ENSG00000221676.1,457.8872627130752,5.104444381314447,0.22381136033498467,22.80690476870559,3.915977957439977e-115,2.2120103413176988e-113,RNU6ATAC
ENSG00000221740.1,51.813612046629395,3.7808266657608947,0.5185124109179081,7.291680172260105,3.0611316069679277e-13,2.093766462175139e-12,SNORD93
ENSG00000221753.1,94.44398512425066,2.4376411093972004,0.39348685202347256,6.1949747414985765,5.829437777831065e-10,3.2663617479450948e-9,AC021590.1
ENSG00000221803.1,25.041903188965627,3.375930157226478,0.7038216043051835,4.796570802283363,1.6140492334561813e-6,6.828915482081847e-6,SNORD23
ENSG00000222019.7,49.13879472995621,1.633385223190562,0.46382076946102724,3.5215870671091367,4.289717734503532e-4,0.0013242105054205365,URAHP
ENSG00000222222.1,7.923159089703513,4.693768742196377,1.4850574543876196,3.160664746221489,0.0015740955984351282,0.0043898718235631925,RNU2-17P
ENSG00000222259.1,29.31756902949923,4.785104923734803,0.7842583035923761,6.1014399233213545,1.0511714987932498e-9,5.782795356646879e-9,RN7SKP114
ENSG00000222281.1,5.745880097726359,4.211325736052037,1.5980048597898073,2.6353647864412446,0.008404690408156522,0.01996505764019598,RN7SKP111
ENSG00000222328.1,9490.791038017589,1.1868693700538542,0.08822182457877878,13.45323989523731,2.946726221936929e-41,5.132000560346002e-40,RNU2-2P
ENSG00000222345.1,36.642534565494685,1.5523473162297516,0.5445361581901148,2.8507699495829955,0.0043613511465265134,0.01107559000973032,SNORD19C
ENSG00000222352.1,3.783809864301188,6.126817442234281,2.198087818748391,2.7873397004324154,0.005314273888416151,0.013237268630618413,RN7SKP221
ENSG00000222365.1,230.48338867213573,2.3232403204522507,0.227830245219217,10.19724276825863,2.0398117507886694e-24,2.197476941169888e-23,SNORD12B
ENSG00000222404.1,2.8268031539827048,5.714994231697798,2.4186877449605197,2.362849129080564,0.018135050733638736,0.039419672465234624,RN7SKP281
ENSG00000222472.1,3.3975512736358264,5.969331818885507,2.27964232068839,2.6185387789620136,0.00883072538703021,0.020861221229141514,RN7SKP7
ENSG00000222489.1,600.4245996825742,2.732262822404543,0.18879613318510827,14.472027452626115,1.820265056859404e-47,3.633006351483789e-46,SNORA79B
ENSG00000222630.2,3.783809864301188,6.126817442234281,2.198087818748391,2.7873397004324154,0.005314273888416151,0.013237268630618413,RN7SKP131
ENSG00000222685.1,9.621905701254356,7.4743694026474925,1.7726729172405982,4.216440229866176,2.481890298630181e-5,9.225581296298777e-5,RN7SKP119
ENSG00000222724.1,164.28208638452736,3.814803480979219,0.33486332046599554,11.392121047090322,4.577102871169006e-30,5.932004578227606e-29,RNU2-63P
ENSG00000222931.1,5.298124997398411,4.089166273416632,1.6307739138852573,2.507500419646981,0.012158843720395395,0.027700438574020037,RN7SKP205
ENSG00000222969.1,61.14088655489113,3.040092713836876,0.45600380455692274,6.666814363074864,2.6141540167881026e-11,1.5949163023151052e-10,RN7SKP8
ENSG00000222974.1,16.759306851811374,4.449181154590446,0.9935968240913561,4.477853639134988,7.539726291656212e-6,2.9790725316035857e-5,RN7SKP228
ENSG00000223006.1,5.543912096990148,5.188127673788647,1.928452599244291,2.690306039060403,0.00713865193931798,0.01723523885155659,RN7SKP137
ENSG00000223040.1,5.1267353377019536,4.013201270843514,1.7560211629158338,2.285394592955636,0.022289700776135634,0.04724980966055006,RN7SKP144
ENSG00000223118.1,15.152717928953201,6.678289422481801,1.6359741119128175,4.082148595049219,4.4621250640824934e-5,1.6004205123817142e-4,RN7SKP102
ENSG00000223131.1,11.013227815026406,5.191658640822545,1.366716424475636,3.7986363139042636,1.4549440217876525e-4,4.8635679013263447e-4,RNA5SP304
ENSG00000223136.1,2.8882996636452916,5.741353412606353,2.380679370355963,2.4116449632391683,0.0158807373558153,0.03508505017772847,RN7SKP207
ENSG00000223298.1,3.213061744648066,5.900866252176325,2.3357055178927686,2.526374239805701,0.011524664160222903,0.02640837318245337,RNY3P8
ENSG00000223299.1,3.011292682970465,5.792682428327924,2.3890558825080412,2.424674312032727,0.015322125649173509,0.034003987967750664,RN7SKP108
ENSG00000223508.5,88.17920646677076,2.5842502740445967,0.36030038432161765,7.1724882528512595,7.364673655268672e-13,4.927007818802983e-12,RPL23AP53
ENSG00000223509.8,1670.887414875544,4.70797398258942,0.13859933439772917,33.9682293789324,6.564282080758895e-253,9.875451102198984e-251,AC135983.2
ENSG00000224016.2,37.187483310890705,3.0706327523799355,0.5657578538379645,5.42746818546045,5.7159051260851296e-8,2.756043930821978e-7,AC092681.1
ENSG00000224058.2,226.16763842932383,2.3476706795453177,0.23018960578055225,10.198856162877457,2.00621276042802e-24,2.1636166290235614e-23,AC006509.1
ENSG00000224126.2,46.005577896528294,3.3871794620732163,0.571579572370219,5.92599810386383,3.104061676407216e-9,1.644477056596695e-8,UBE2SP2
ENSG00000224321.1,9.779573887027492,2.8755435134533265,1.0737336763623002,2.678078909842312,0.007404577160830062,0.0178112028797148,RPL12P14
ENSG00000224597.10,652.6270744307303,1.5514111211326425,0.14478503450438737,10.715272655376758,8.630258846916605e-27,1.0041690219937401e-25,SVIL-AS1
ENSG00000224599.1,4.942585636297273,6.516811765118139,2.041036174101773,3.192893809432889,0.0014085473457683471,0.003968108632503319,BMS1P12
ENSG00000224631.4,7.923018201179044,3.277371856196736,1.242232693031163,2.638291420425947,0.008332494181710714,0.019799968422324364,RPS27AP16
ENSG00000224831.3,283.52047122383055,6.995770373782045,0.4268194347031988,16.390468205007476,2.2371482404446129e-60,5.709782099098961e-59,TMEM183B
ENSG00000224837.1,337.12305983022526,3.129350900666068,0.20212465283689002,15.482282130084265,4.5697028815768157e-54,1.0270853218366871e-52,GCSHP5
ENSG00000224861.1,22.579866166481956,8.705116415740271,1.5913373625017229,5.470314856464539,4.4923677933420374e-8,2.1833199187836675e-7,YBX1P1
ENSG00000225178.5,29.87462046268522,5.644606581043158,0.9349088732556892,6.037600821336316,1.5642243033207181e-9,8.492881246430115e-9,RPSAP58
ENSG00000225200.2,4.047075435641376,6.23223163569521,2.1707907741595602,2.870949936715145,0.0040924033225925496,0.01046539426597555,AC246787.1
ENSG00000225648.5,299.30049532148666,2.2952861852034308,0.2051234506187351,11.189779512190933,4.575700331004286e-29,5.770316617927814e-28,SBDSP1
ENSG00000225840.2,7404.996951637718,3.7803938786854028,0.34260148306349325,11.034376865160255,2.6085340812344553e-28,3.203211375061408e-27,AC010970.1
ENSG00000226002.1,15.937489648428409,2.2166954363620532,0.8584050971132489,2.5823418847542166,0.009813231750772743,0.022868259683555256,GTF2IP14
ENSG00000226085.3,206.20263159662917,5.056663496537563,0.32758541437758376,15.436168017874927,9.349240632551378e-54,2.0856748588474155e-52,UQCRFS1P1
ENSG00000226268.3,1334.4353264920705,5.074666548702348,0.164965443995174,30.76199733594392,8.451415117907008e-208,9.620473984787072e-206,AC135977.1
ENSG00000226287.8,24.64212206343555,2.5825874987315807,0.6673295419304482,3.8700332241559123,1.088205221598385e-4,3.708867022337483e-4,TMEM191A
ENSG00000226564.1,6.303329409029568,5.400606809760626,1.8808642141467071,2.8713432735550892,0.004087314056551921,0.010454165589496061,FTH1P20
ENSG00000226580.1,11.52671713894962,3.6101840818773345,1.0680785264982249,3.3800736484363116,7.246640876144201e-4,0.0021514273557120696,RPL39P40
ENSG00000226608.3,46.985709677772604,7.3183435616156505,1.1230932368257593,6.516238653791345,7.209224452977919e-11,4.284887069153324e-10,FTLP3
ENSG00000226964.1,226.49549222165228,2.3712912387195453,0.2699846757299715,8.783058639562276,1.590881807412631e-18,1.39752991638261e-17,RHEBP2
ENSG00000227038.3,1618.6969103355348,4.028385042861744,0.12402272067537094,32.481024613272496,1.9764128066748425e-231,2.6297709602769526e-229,GTF2IP7
ENSG00000227063.5,6.224354427618531,6.847801188788675,1.9296581001839854,3.5487121724494943,3.8711998042882537e-4,0.0012039889854641775,RPL41P1
ENSG00000227097.5,928.3484939465462,4.227851139558543,0.18304896731557707,23.0968314192656,4.982229781305549e-118,2.930412479228399e-116,RPS28P7
ENSG00000227113.2,17.236993901090866,1.8654486325102904,0.8035404509237098,2.3215366822738845,0.020257896705030462,0.04341930924650644,AC073210.1
ENSG00000227615.1,4.556327045631911,6.3981494622093456,2.083117715455114,3.071429624327061,0.0021303637735733227,0.005781257310844647,AP001324.1
ENSG00000227632.2,5.899252519032676,4.230140025231832,1.7002345925564486,2.487974332336959,0.012847300491080994,0.029100588794884075,AC018804.1
ENSG00000227722.2,249.41149042364324,2.853909152875058,0.22959305677282543,12.430293811972305,1.7897532693804183e-35,2.685796159333883e-34,AL022100.1
ENSG00000227835.8,55.9394856370772,3.8190644376619307,0.5223130329595249,7.311830639228712,2.635271358255434e-13,1.8074399524272892e-12,CARM1P1
ENSG00000228502.1,13.018694481733695,2.800768065560226,0.9896780096632986,2.829979082300802,0.004655104751539575,0.01174585133178186,EEF1A1P11
ENSG00000228589.3,15.95197361550822,8.198667851346032,1.6989532157725131,4.825717256503795,1.3950030022772676e-6,5.930644686477824e-6,SPCS2P4
ENSG00000229119.3,6.672109527946479,6.9469103980295195,1.901167087101942,3.6540241229502315,2.5816199679497005e-4,8.283873376257035e-4,AC026403.1
ENSG00000229180.7,953.9860411158596,1.7343173005682824,0.1286493720992563,13.480962030892867,2.024497636855453e-41,3.546483923474462e-40,AC006001.3
ENSG00000229305.1,8.493907209356635,4.794257294207403,1.501633784555976,3.1926940799517483,0.001409521881526049,0.00397010688579611,AL358876.1
ENSG00000229358.3,377.66186150930605,2.0554870160642724,0.1798442671571941,11.429260707363333,2.9864052802630685e-30,3.8855715463066384e-29,DPY19L1P1
ENSG00000229795.2,4.819791556030709,4.996120609947385,2.0089344548302073,2.4869505313799056,0.012884331350663188,0.029180052347087867,RPS21P1
ENSG00000230071.2,43.633408597059535,1.4864797427698893,0.5270559194514964,2.8203454091111597,0.004797198160558057,0.012074871240187248,RPL4P6
ENSG00000230162.1,21.837786437666516,5.166462539372442,0.9808813196471777,5.267163759659338,1.3854760783347016e-7,6.462820634650093e-7,CT45A11P
ENSG00000230189.7,30.672771342292375,1.4993604526703657,0.585749242891017,2.559730927299436,0.010475323382138151,0.024250713842750692,AC008267.2
ENSG00000230204.1,3.459047783298413,5.991821812991743,2.3061392716682247,2.598204664654687,0.009371261998639628,0.02199726092958191,FTH1P5
ENSG00000230295.1,26.22707763860293,3.3368887001973233,0.6962047636850741,4.792970221195949,1.643300246267464e-6,6.9466564702033275e-6,GTF2IP23
ENSG00000230979.3,3.459047783298413,5.991821812991743,2.3061392716682247,2.598204664654687,0.009371261998639628,0.02199726092958191,AC079250.1
ENSG00000231688.1,4.323639815331477,4.8141296785890635,2.0431358992945956,2.356245455944056,0.01846071485339427,0.04005195168352183,RPL21P43
ENSG00000231952.3,175.99511023461616,4.320047363456971,0.329593970326676,13.107179597900927,2.9953174245463997e-39,4.954354312490061e-38,DPY19L1P2
ENSG00000232187.1,34.99751596457171,5.866209983394976,0.8940210506231968,6.561601630415533,5.323287450147274e-11,3.1867342468008216e-10,FTH1P7
ENSG00000232368.1,13.884049006923247,6.541869648693243,1.651397328447186,3.9614146977242504,7.45070002377671e-5,2.587391918708121e-4,FTLP2
ENSG00000232472.1,33.73668722894285,2.04552485282913,0.5630666383907484,3.6328290709520026,2.803307268336088e-4,8.938695601176461e-4,EEF1B2P3
ENSG00000232818.2,88.9314520969513,4.4139265323175225,0.44517744336278836,9.914982437060456,3.58319468490743e-23,3.6927257306973716e-22,RPS2P32
ENSG00000232938.2,34.42246959424348,2.5308974709047556,0.6221910674922938,4.0677174635524675,4.747589571633948e-5,1.6942822338249748e-4,RPL23AP87
ENSG00000233080.3,37.313904651081884,1.9745667117533476,0.5635456878878269,3.5038272037073646,4.5862284536061414e-4,0.0014101109935715382,LINC01399
ENSG00000233276.5,2233.7612076818396,3.9884234834437513,0.1553029851902904,25.68156354854864,1.87838078698172e-145,1.3682472992861005e-143,GPX1
ENSG00000233380.1,2.949796173307878,5.767089808690985,2.3710052034803644,2.4323395833233756,0.015001635088429579,0.03338677901259327,RPS2P48
ENSG00000233426.3,271.8516639040425,3.4317332509107366,0.23019826864400109,14.907728329694224,2.93571624112438e-50,6.2068836742077465e-49,EIF3FP3
ENSG00000233476.3,233.66367001289856,3.091239646089155,0.24870919096030722,12.429133133976146,1.8159284412264663e-35,2.722346803877714e-34,EEF1A1P6
ENSG00000234043.3,23.781767745335166,2.3277001563316286,0.6707793359531606,3.4701429092534952,5.201815148604053e-4,0.0015853806568147015,NUDT9P1
ENSG00000234618.1,22.017344960723197,2.055228482769103,0.7095323813887248,2.8965957533136524,0.0037723550108911988,0.009715826248800819,RPSAP9
ENSG00000234773.7,33.407911160522204,2.673033234207325,0.5837017611108924,4.5794503499870345,4.661994347307131e-6,1.879235044697467e-5,AC012618.3
ENSG00000234797.5,4.648401896334252,4.928015751567112,2.0134533493472215,2.447544043255244,0.014383354480557681,0.032195055434686794,RPS3AP6
ENSG00000234816.2,45.54469813945285,2.82273573410807,0.5440348147825634,5.188520398710594,2.1197154525364725e-7,9.725676815024813e-7,HIST1H2APS5
ENSG00000234851.4,7340.433117464923,4.658990773460402,0.10639242759172525,43.790623815249404,0,0,RPL23AP42
ENSG00000234911.2,66.93794273555827,1.3328273199629845,0.42178739238214835,3.159950591305049,0.0015779589553257896,0.004398896030496164,TEX21P
ENSG00000234993.1,3.3360547639732396,5.946915325906711,2.276552604380768,2.6122459522626746,0.008994951680532196,0.021200666305445825,CUBNP2
ENSG00000235065.1,2.765306644320118,5.687370629314999,2.502135802184049,2.273006374934023,0.023025795777016037,0.04864829032973225,RPL24P2
ENSG00000235105.1,25.279027072257346,3.020824746775029,0.6910865969856371,4.371123329480243,1.2360894513563603e-5,4.7694349780521605e-5,AL356968.2
ENSG00000235174.1,499.60672367987604,13.175004403933483,1.451561549510243,9.076435242018317,1.1218902128850836e-19,1.0243107408769026e-18,RPL39P3
ENSG00000235284.1,16.679804254382596,2.3392442230810757,0.8290797754227355,2.821494737208286,0.004780042180779692,0.012036748490889261,SNORD62A
ENSG00000235421.1,11.78165932157287,3.0350795632443353,1.2119026981791539,2.504392116466485,0.012266200714951705,0.027911037242853546,AC114501.2
ENSG00000235508.3,8.541905971610701,7.30884051874537,1.8211399228619494,4.013332763173636,5.986742251736149e-5,2.108601053323257e-4,RPS2P7
ENSG00000235552.4,13.63442207151605,7.970873422859697,1.813724592546257,4.394754008197862,1.1089826248217934e-5,4.3033988103583736e-5,RPL6P27
ENSG00000235618.8,38.35834794505062,1.7656069581387799,0.5318025124761845,3.3200425284148096,9.000373599074866e-4,0.002633178782459722,FAM21EP
ENSG00000236058.3,7.953878319267737,7.199560061962966,1.8356653859947218,3.9220438086877274,8.780102291727025e-5,3.0262341976712375e-4,RPL17P36
ENSG00000236073.2,9.112231425690412,2.544726342807264,1.111450213573327,2.289554954176432,0.022047128803338607,0.04679192840736929,AL627311.1
ENSG00000236155.6,72.02835914442882,1.1758203045443207,0.39461344518280467,2.979676234801432,0.0028855319078276774,0.007622611334734404,AL355877.1
ENSG00000236439.4,4.832891425322012,4.976244947042185,2.0067520281139766,2.4797507999625905,0.013147423288355177,0.02969726561089311,AC099336.2
ENSG00000236516.1,29.110623122921748,1.9591129422610076,0.6226891689098002,3.1462132956174726,0.001653993350912451,0.004590881971038101,KLF2P4
ENSG00000236552.2,16.8820428815438,8.28906273801577,1.6376760253897986,5.061478955242575,4.1601666591999903e-7,1.8586340761547428e-6,RPL13AP5
ENSG00000236807.1,3.011292682970465,5.792682428327924,2.3890558825080412,2.424674312032727,0.015322125649173509,0.034003987967750664,AC092066.1
ENSG00000236809.2,38.11756105254805,1.957856844692842,0.5428446516506099,3.606661387819979,3.101619800137995e-4,9.819828000902208e-4,SNX25P1
ENSG00000236824.2,2252.9430366910806,6.277289802280503,0.17110826669071424,36.68606972465557,1.218025755823357e-294,2.279078442364979e-292,BCYRN1
ENSG00000236829.9,28.543513225023286,1.378702630745345,0.5952211920830331,2.316286195927339,0.020542647539518975,0.04397610168309754,Z97634.1
ENSG00000237225.2,94.79089102892456,5.041271881912265,0.4667428175649659,10.800962954744495,3.406124031220345e-27,4.0130870226947927e-26,OR13K1P
ENSG00000237506.3,5.00408214595986,6.531876521692155,2.0339260770304897,3.211462105460895,0.001320613864162841,0.003744344906270209,RPSAP15
ENSG00000237517.9,34.491386110942045,2.0438935086470003,0.5720741796840896,3.572777064987757,3.5321545052985505e-4,0.0011067047784367138,DGCR5
ENSG00000237550.5,15595.624722926414,4.229904516836161,0.10134697830090075,41.73685873768736,0,0,AC243919.1
ENSG00000237674.1,14.586124685242428,2.8710764425867548,0.8808643673924149,3.2593853819809735,0.0011165388587685969,0.0032122756442258555,GSTA7P
ENSG00000237840.6,31.248472580330574,2.5402136057765268,0.6290977146758224,4.037868118922532,5.393916106154305e-5,1.9101379274431935e-4,FAM21FP
ENSG00000238055.1,14.854025848632512,2.2213459559209383,0.8738463396649527,2.542032683655389,0.011020986731615078,0.025365609832723308,Z98742.3
ENSG00000238103.4,8.55978232147637,4.2305827646649306,1.4300855013869482,2.9582726071706618,0.003093683985515941,0.008123023255426787,RPL9P7
ENSG00000238173.1,16.89952135329225,6.841577012663735,1.6223782115815741,4.217004989233817,2.4756849970772406e-5,9.208231760777542e-5,RPL39P6
ENSG00000238363.1,99.2307228825436,2.2062172541523157,0.3391018480126222,6.506060840075973,7.714699180720198e-11,4.57351810044359e-10,SNORA13
ENSG00000238423.1,19.098516530950533,4.39549208175521,0.9683127503340965,4.539330996352816,5.643299062185419e-6,2.2592817240399448e-5,SNORD42B
ENSG00000238825.1,113.03001199898762,4.62049528513642,0.40193211576380444,11.4957106036574,1.3863540545796394e-30,1.8235794238139386e-29,RNU1-13P
ENSG00000239039.1,273.12445259213763,2.4897145687589592,0.24413447358458648,10.198127827679919,2.0213119302943216e-24,2.17833105000545e-23,SNORD13
ENSG00000239149.1,118.28955556433525,2.8332369688549948,0.3432829522161751,8.2533576181517585,1.540053270234932e-16,1.2397449530597846e-15,SNORA59A
ENSG00000239257.1,5.0655786556224465,6.54683471367561,2.0362688775790128,3.2151130853894685,0.0013039314332371494,0.003702655719269068,RPL23AP1
ENSG00000239437.3,35.848538561829876,3.210904219732607,0.6031064457129907,5.3239428007384095,1.0154184813400678e-7,4.793377246035785e-7,RN7SL752P
ENSG00000239466.3,11.982911729062783,2.6583889830986926,0.9977924472880007,2.664270500667942,0.007715549286894191,0.018473137759999862,RN7SL552P
ENSG00000239556.4,17.64138850621684,2.2675785335255636,0.8359695685361799,2.7125132527206643,0.006677511119008645,0.016247669691228935,AC004951.2
ENSG00000239607.3,8.261360867580672,7.2477080635694815,1.898602300140134,3.8173913847226117,1.3487013000461538e-4,4.5281394550613155e-4,RN7SL573P
ENSG00000239650.4,84.8169767516711,2.7536896351891613,0.3797043754198404,7.252193583875343,4.1007520245927255e-13,2.783861998010363e-12,GUSBP4
ENSG00000239745.3,24.360991292853644,1.9181501837703798,0.6663576705685409,2.8785594711227698,0.003994959489890863,0.010236314379352334,RN7SL790P
ENSG00000239827.8,46.06088655416352,1.2388833964111339,0.47489234876636693,2.6087668071077474,0.009086914255301405,0.021395520171074593,SUGT1P3
ENSG00000239830.1,23.672156372350234,2.7471663286690573,0.6920181976898855,3.9697891440423456,7.193626324854464e-5,2.5059667781416445e-4,RPS4XP22
ENSG00000239883.8,778.9432336087583,1.7049337599680476,0.16684958301001607,10.218387898911917,1.6404628804477028e-24,1.7755668009704747e-23,PARGP1
ENSG00000239899.3,65.29274749682459,1.8530367520057045,0.4341593792353723,4.268102546279696,1.9714270266856995e-5,7.426775176156596e-5,RN7SL674P
ENSG00000240024.5,388.7184522093742,2.668764723584533,0.1906948724176874,13.994947476820562,1.6735327162334157e-44,3.1630190946083334e-43,LINC00888
ENSG00000240087.3,4.231564964629136,6.286788596233892,2.136963441049952,2.941926134751754,0.0032617771972966417,0.00852103714944737,RPSAP12
ENSG00000240106.2,9.774996345511736,3.311670480491355,1.208615834628681,2.7400522031955576,0.0061429426583082,0.015083032666647329,RN7SL146P
ENSG00000240342.3,2292.916015130457,5.492582796648772,0.13481769904550733,40.74081396979462,0,0,RPS2P5
ENSG00000240370.6,59.84024174599457,1.3645624067777602,0.43770941347501763,3.1175075627100783,0.0018238726722651223,0.005014519245318508,RPL13P5
ENSG00000240474.3,5.206050146696071,5.1119270229991525,1.9650437254264226,2.601431691750189,0.00928355510905054,0.021813913574660945,RN7SL116P
ENSG00000240481.3,40.147103071772314,4.331771827309265,0.683986334008754,6.3331262803473285,2.402427737787487e-10,1.3823540575414527e-9,RN7SL38P
ENSG00000240490.3,17.746692964111002,4.5290656984232855,0.9654861363500723,4.690969168697734,2.719139476811948e-6,1.1228358297489116e-5,RN7SL277P
ENSG00000240590.1,26.152058594075626,2.606338233385824,0.6558869484029244,3.973761392465914,7.074643789184777e-5,2.4685394610794156e-4,RPSAP48
ENSG00000240606.3,8.418971002819665,3.7383405076194793,1.246815977707213,2.99830975417396,0.002714815931398425,0.007218772480167515,RN7SL564P
ENSG00000240869.3,188.99594283151941,2.855563253456631,0.25908171646584055,11.021863265419316,2.9978838384825096e-28,3.6692823530862374e-27,RN7SL128P
ENSG00000240877.3,275.2756385464072,5.520954093631661,0.30346847237350916,18.19284240781516,5.880965809990739e-74,1.8710345846918465e-72,RN7SL521P
ENSG00000241162.3,74.05061605572811,3.930112582748403,0.44202510552767144,8.891152411030582,6.047835533434513e-19,5.383886416888565e-18,RN7SL617P
ENSG00000241175.3,10.0255018751437,4.008818904928858,1.1866995739993127,3.3781244998838935,7.29820303404805e-4,0.002165408983134973,RN7SL494P
ENSG00000241217.3,49.868456730854795,3.1224265276491767,0.49147760534529444,6.353141005184707,2.1096216997904107e-10,1.2187930229317892e-9,RN7SL809P
ENSG00000241226.3,23.84845225052158,4.471924147250528,0.8463801278129812,5.2835883077806125,1.266777568102391e-7,5.927600317888306e-7,RN7SL836P
ENSG00000241529.3,28.07067434368454,3.4567543798328444,0.6716774966582375,5.146449593787281,2.654627526026254e-7,1.2089175368751746e-6,RN7SL767P
ENSG00000241693.2,14.630001834632093,2.6086187105302607,0.8673931475015508,3.007423701748343,0.0026347225420005876,0.007017644436157793,RN7SL704P
ENSG00000242073.2,17.505085527917803,4.253311042890754,0.9609887261055545,4.42597392388511,9.60081221916086e-6,3.751848534358933e-5,AC211429.1
ENSG00000242113.3,7.769587729338586,5.700345747705806,1.818345216310994,3.1349084302432417,0.0017190776313388758,0.00475083043727714,RN7SL124P
ENSG00000242158.3,7.677173051053167,4.654969159816238,1.4846250774633754,3.1354509838737874,0.001715901004801031,0.004743803147265054,RN7SL361P
ENSG00000242430.3,129.54342173592096,1.7700324481833642,0.2951154098911058,5.997763548967117,2.00053525341053e-9,1.0758402086690219e-8,RN7SL274P
ENSG00000242559.3,98.58001614044181,4.956988124460414,0.4520148712580376,10.966427079410545,5.541927133237807e-28,6.71989528209289e-27,RN7SL144P
ENSG00000242615.1,50.18254740692874,1.1655437344413928,0.4755034105815809,2.4511784952621776,0.014238932460365972,0.03191449229143745,AC022415.1
ENSG00000242756.2,17.67647518761426,4.2758640412151445,0.9668525719773072,4.422457120293519,9.758472057523993e-6,3.80948150290981e-5,RHOT1P3
ENSG00000243064.8,26.14269093515326,1.5571344140071612,0.624446858225383,2.4936219847952876,0.012644712751642579,0.028669903844189302,ABCC13
ENSG00000243103.3,20.595751070416522,3.883286465207101,0.8575158131624951,4.528530442938009,5.93953248882942e-6,2.372801222986058e-5,RN7SL452P
ENSG00000243199.1,98.67036706577257,3.8655646488620783,0.3953561358325013,9.77742419685067,1.4074683446526005e-22,1.4220987952146321e-21,AC115223.1
ENSG00000243352.3,38.75094642689176,6.019749568613698,0.8826451918909829,6.820123900201575,9.096202514471387e-12,5.7030808560888875e-11,RN7SL8P
ENSG00000243468.5,49.66951401165688,1.096494290285063,0.45836952612831466,2.3921622790824744,0.01674943482419132,0.03676549452061293,INGX
ENSG00000243517.1,7.426866460479812,3.1595149956199506,1.2993694943311613,2.431575475185588,0.015033315842697334,0.0334473401975827,AC024940.3
ENSG00000243554.1,64.91203285230667,5.282661785725492,0.593932272523663,8.89438414127433,5.874416077796667e-19,5.231060932096271e-18,AC004967.1
ENSG00000243562.3,14.02457854853101,3.89302976105605,1.01256376425972,3.8447255357811696,1.2068744192822392e-4,4.0835676270876666e-4,RN7SL838P
ENSG00000243822.1,9.160768954586166,3.2321931543005076,1.1348131206775474,2.848216235260574,0.004396504123758564,0.011159181047654421,AC073522.1
ENSG00000243829.1,14.625507131106668,4.226620118941398,1.056690642568355,3.9998651910726903,6.337857641485937e-5,2.2265053047501287e-4,AC011495.1
ENSG00000243845.3,16.785224813345042,3.2067741215831536,0.8926675373823938,3.592349880882317,3.277094442203723e-4,0.0010333858585495582,RN7SL30P
ENSG00000244026.6,326.4925388216735,2.0894100329917826,0.20485044494144397,10.199685109734741,1.9891637213658917e-24,2.1460030086577322e-23,FAM86DP
ENSG00000244112.3,2.765306644320118,5.687370629314999,2.502135802184049,2.273006374934023,0.023025795777016037,0.04864829032973225,RN7SL508P
ENSG00000244167.1,11.44765931954825,2.4529238751741005,0.9724283823378048,2.5224725231456655,0.011653305375865812,0.02667048821517244,AC005532.2
ENSG00000244257.5,213.27429604132578,2.1378617371959736,0.24721259464771914,8.647867396248365,5.247075078298348e-18,4.508809807522845e-17,PKD1P1
ENSG00000244384.3,50.19056413477201,4.679025812654335,0.6751766610172323,6.930076353061194,4.20613541309476e-12,2.6970075390282912e-11,RN7SL359P
ENSG00000244528.1,5.144553637033483,5.097262580429742,1.9624333049283091,2.5974195238273095,0.009392712715312602,0.0220409964940452,SEPTIN14P2
ENSG00000244642.3,66.73420362437786,4.031649736033096,0.5298861435939861,7.608520782763213,2.7725067894245863e-14,2.001044075742364e-13,RN7SL396P
ENSG00000244671.3,8.230301810433367,3.6771372838439595,1.295704389062295,2.837944607492697,0.004540506158773614,0.011489107929340044,RN7SL280P
ENSG00000248278.1,13.00613337908408,2.965377355145845,0.9797756085834648,3.0265882607887264,0.002473306029585151,0.00662602558512038,SUMO2P17
ENSG00000248406.1,3.5993203353134278,6.0654345008251696,2.269846011629025,2.6721788481466735,0.007536047123378702,0.018095458676588995,AC008758.3
ENSG00000248477.6,105.01144382269858,2.36682284557454,0.33269623336116194,7.114065649806172,1.1267351332557717e-12,7.439831587871922e-12,AC139495.1
ENSG00000248503.2,1291.133962813809,3.741005627771185,0.13345643103519403,28.031662459073537,6.684399279687728e-173,6.064168049554279e-171,AL356235.1
ENSG00000248593.3,104.5291408076149,2.1621070163690614,0.3273915687252117,6.604040002581051,4.0010148829480453e-11,2.414967410598762e-10,DSTNP2
ENSG00000249264.1,32.525865444196874,3.514956004920228,0.6529312696495994,5.383347632908677,7.311313922952096e-8,3.48933709908082e-7,EEF1A1P9
ENSG00000249452.2,5.372721376352301,4.074891990317075,1.7040278567421328,2.391329445815345,0.01678748166719294,0.036835504701877915,AC093878.1
ENSG00000249962.1,74.93236635817225,2.535963128413032,0.4099225736459398,6.186444200566045,6.153645245800627e-10,3.4377277732558156e-9,AL157400.5
ENSG00000250090.1,41.851930006272525,1.6094043436798342,0.5049310171063458,3.187374689126832,0.0014357065442745026,0.00403816070297727,AL390198.2
ENSG00000250114.1,3.5820408026235864,6.0403773567875785,2.6187214573027124,2.3066131527440787,0.021076395648841256,0.04491317054132035,AC008723.1
ENSG00000250182.3,51.61157235852681,2.8155154620529115,0.4978530846754246,5.655313884192336,1.5556171708872442e-8,7.806246540734548e-8,EEF1A1P13
ENSG00000250982.2,42.60424751261334,4.008425926611654,0.5820961340635021,6.886192317804272,5.7305508259830506e-12,3.6401703931313507e-11,GAPDHP35
ENSG00000251001.1,17.90450203840861,3.486569063827303,0.8433383592402505,4.13424697883812,3.5612034706852976e-5,1.2940321580941428e-4,AC026427.2
ENSG00000251211.1,22.136417981244772,2.57502755672611,0.7860033709359342,3.2761024340899376,0.0010525037969249468,0.0030467857931095587,AC136632.2
ENSG00000251634.2,83.97713466247922,1.1398009185791438,0.3923170201051557,2.905305811798923,0.0036689443405970457,0.009477209289801065,AC145138.1
ENSG00000251669.5,96.2616970384512,1.2895346773293626,0.3322494854478889,3.8812240012682198,1.0393205651724513e-4,3.548720241803473e-4,FAM86EP
ENSG00000251733.1,26.40615544555206,1.533543498765626,0.6227588126301642,2.4624998758168464,0.013797222065503592,0.031001293470207636,SCARNA8
ENSG00000251850.1,4.450812498055188,4.897198016458947,2.1529194649093317,2.274677755614601,0.022925267848704734,0.0484735270043451,RNA5SP96
ENSG00000251992.1,8.72639550059846,7.334944149322509,1.8012636440229945,4.072110250857244,4.6589116302308696e-5,1.6660116625161463e-4,SCARNA17
ENSG00000252135.1,3.274558254310653,5.92421729766483,2.294037002259805,2.5824419099731237,0.009810387621295965,0.022863411537160094,RNVU1-2
ENSG00000252213.1,293.205803221049,1.0184922876344475,0.21719226576581105,4.689357993680325,2.7406355011728248e-6,1.1310883048540396e-5,SNORA74D
ENSG00000252316.1,316.5659610510229,6.514671932405217,0.6352084973210089,10.255958413467134,1.1126666084792174e-24,1.214400762838163e-23,RNY4
ENSG00000252639.1,59.92330221339597,1.9816458054812938,0.43362797439171413,4.569921505320575,4.8790692368247604e-6,1.963564656701972e-5,RNU2-24P
ENSG00000252824.1,6.285710048756648,3.716275975682445,1.4436217984634925,2.5742725550679784,0.010045110732511799,0.02334320617169434,AC005086.1
ENSG00000253816.3,3156.4799322773333,4.594357590789417,0.12197686296824618,37.665812015393854,0,0,AC138866.1
ENSG00000254678.1,5.960749028695264,4.244854560302052,1.6668287998577929,2.5466649968276323,0.010875778374226215,0.02507115214965615,AP005018.1
ENSG00000254701.3,927.1394008017103,4.107627405662176,0.1473690832531208,27.873060719302465,5.660764325745026e-171,5.028841613773133e-169,AC138866.2
ENSG00000254912.2,111.16792268941269,6.143040062038662,2.069312487636165,2.9686381823636667,0.002991225769685956,0.00788165086189563,AC135983.3
ENSG00000255986.6,31.160320403434024,2.90486264193106,0.6185825991794939,4.695997989248574,2.65308150058801e-6,1.0969196791134352e-5,MT1JP
ENSG00000256338.2,38.31124408885575,3.5154726029435612,0.5792410498538579,6.0691012900941885,1.286280050885539e-9,7.024562598214386e-9,RPL41P2
ENSG00000256625.1,9.546886656727057,2.633935966546954,1.0689555243031328,2.4640276481699783,0.013738551337300715,0.03088105337758907,AC092747.2
ENSG00000257267.3,533.551865519503,1.6390091053527405,0.1604990781168447,10.211953393025272,1.7529961101044723e-24,1.8946280701916136e-23,ZNF271P
ENSG00000257403.2,58.87677028264785,7.6405478750867895,1.0993757317391386,6.94989679552045,3.6555353751233934e-12,2.3525240339734342e-11,AC008740.1
ENSG00000258704.6,412.62097341147216,2.0316518659234375,0.19574455623579884,10.379097661730416,3.086788470839568e-25,3.420143347150074e-24,SRP54-AS1
ENSG00000258722.2,24.72089810578798,2.592236278912607,0.6873658206516415,3.771261533567521,1.6242433027808522e-4,5.392170769422616e-4,CKAP2P1
ENSG00000259086.3,3.5820408026235864,6.0403773567875785,2.6187214573027124,2.3066131527440787,0.021076395648841256,0.04491317054132035,AL136298.3
ENSG00000259856.1,23.984627977128383,8.790882806279223,1.5880134502899552,5.535773519219309,3.098577564914715e-8,1.5267481095855292e-7,RAB43P1
ENSG00000260081.2,47.07178446488225,2.232790789956815,0.4859180535256462,4.594994513491503,4.327606551011995e-6,1.7505726918551156e-5,AF274858.1
ENSG00000260212.1,18.269243382451453,4.2873104760568035,0.9503175344861808,4.511450457846043,6.438582268966594e-6,2.5639568498047607e-5,AL356432.3
ENSG00000260413.1,46.26523003357001,6.713693987734657,0.9692057940892673,6.927005625305106,4.298414976223705e-12,2.7542102937784517e-11,AC025279.2
ENSG00000260483.2,6.9092334112382,3.4667946437223667,1.4721045793682357,2.3549920924844665,0.018523099863554385,0.040165444499321336,AC015720.1
ENSG00000260682.3,555.4224380356777,6.075307171017574,0.27955486334299834,21.73207469320077,1.0208417542516222e-104,5.085184765188863e-103,RN7SKP176
ENSG00000260882.1,30.954548504962492,2.9109461025733028,0.6349784260936019,4.584322841456982,4.554600596202534e-6,1.83866818566763e-5,AC026458.1
ENSG00000260908.1,109.84230227193558,1.5136232334341357,0.3141068645538931,4.818816155399351,1.4441254568412292e-6,6.13164486270213e-6,AC009093.3
ENSG00000261377.5,194.97327293969562,2.193225896008318,0.2606683676130192,8.413855183473272,3.967504962235533e-17,3.284822001089806e-16,PDCD6IPP2
ENSG00000261556.10,365.41398876692995,1.0393329027988438,0.19919702454754643,5.217612588137656,1.8124405556760543e-7,8.371003603182614e-7,SMG1P7
ENSG00000261575.2,17.38234949818538,3.2974650811487347,0.8431663040408542,3.910812215034819,9.19862701291969e-5,3.159211833346216e-4,AC005829.1
ENSG00000261581.1,36.60816844976014,9.408032734542447,1.5482627960588382,6.07650894828123,1.2282715327892496e-9,6.722485036315276e-9,HERC2P11
ENSG00000262074.6,160.77374447222164,4.526547316141777,0.795231374240738,5.692113594566842,1.254763258522158e-8,6.345456492168305e-8,SNORD3B-2
ENSG00000263266.2,8.387853895138225,3.7199362848507316,1.4918525607514173,2.4935012900853097,0.012649012464013393,0.028677480889635214,RPS7P1
ENSG00000263426.2,5.0655786556224465,6.54683471367561,2.0362688775790128,3.2151130853894685,0.0013039314332371494,0.003702655719269068,RN7SL471P
ENSG00000263669.2,41.13216328031404,1.262098811296148,0.5168815819397459,2.4417562076012875,0.014616013086474608,0.032681619223457824,RN7SL470P
ENSG00000263740.2,3585.1158630687214,5.367509293003379,0.14596292241845155,36.77310103188821,4.969959320910733e-296,9.477110964931562e-294,RN7SL4P
ENSG00000263764.1,70.32826943801156,4.8563922001559305,0.5197650674966214,9.34343707157176,9.325656424614679e-21,8.86603690187724e-20,SNORD43
ENSG00000263905.2,5.653805247024018,5.232780477652653,1.9354841673065777,2.7036028328429045,0.006859222037025161,0.016641117450928628,RN7SL555P
ENSG00000263968.2,20.323059789619833,2.190351002314178,0.7255031914603418,3.0190783832463803,0.0025354492397070454,0.00677795154374047,RN7SL381P
ENSG00000263969.2,19.923971956088156,4.70186309093906,0.9390260624345612,5.007169959424553,5.52361507122773e-7,2.445880609413042e-6,RN7SL678P
ENSG00000263993.2,12.681255197013027,5.399980857285145,1.3283527534847324,4.065170823878757,4.799729395930332e-5,1.712073140180654e-4,RN7SL786P
ENSG00000264113.2,154.22687418226957,1.2012307994661853,0.2781246033138476,4.319038248157663,1.5671062387568137e-5,5.9788488053907846e-5,RN7SL784P
ENSG00000264127.1,9.077274482193511,2.928767212080628,1.2127104306371086,2.4150589770568502,0.015732662034067334,0.03482472724405973,SCML2P1
ENSG00000264169.2,12.558121289163383,4.007124105073268,1.0773771085486141,3.7193328810108612,1.997496582447465e-4,6.524937554316662e-4,RN7SL665P
ENSG00000264229.1,199.96566649144864,4.391441596257826,0.3300472536017485,13.305493526562588,2.150682948317939e-40,3.6666939696322585e-39,RNU4ATAC
ENSG00000264352.2,445.4348166083122,1.2567067566201386,0.19018832191535823,6.607696750063475,3.90345230378681e-11,2.35893328766188e-10,RN7SL602P
ENSG00000264538.6,646.3577050688586,1.2589004734106155,0.14896108859571838,8.451203500716094,2.8831521177214653e-17,2.396330041653116e-16,SUZ12P1
ENSG00000264585.1,25.213292848662082,3.39007222130691,0.712234176561512,4.759771902091709,1.9381186730169957e-6,8.124250466645592e-6,MIR4449
ENSG00000264618.2,10.872955263011391,5.166135740303646,1.3835394184563714,3.733999676039266,1.884627356748098e-4,6.181875074649344e-4,RN7SL732P
ENSG00000264833.1,10.223091273422762,4.017309157508907,1.1981138544506744,3.3530278801014375,7.993265440624799e-4,0.0023558021338986536,RN7SL468P
ENSG00000264910.2,202.93702461024336,2.3405477520096976,0.26430505146368655,8.85547869421357,8.332543490663073e-19,7.389208738846893e-18,RN7SL525P
ENSG00000264916.2,24.796174139908025,2.8960182706937925,0.6926080646510089,4.181323346491839,2.8981737210365764e-5,1.0661774988989066e-4,RN7SL230P
ENSG00000264994.1,18.633341009408273,3.7245169326263365,0.8546311712522173,4.35804012059275,1.3123233071427932e-5,5.0499145461749287e-5,SNORD92
ENSG00000265052.2,44.71417100865357,1.189727384562924,0.5235101909124155,2.2725964178259295,0.023050511710664887,0.04869363671986208,RN7SL622P
ENSG00000265078.2,22.135926114513275,3.403155898490658,0.753179534555826,4.518386045231045,6.231279495914363e-6,2.4843793520932776e-5,RN7SL664P
ENSG00000265141.2,4.960263047104333,4.017846418378149,1.7592417178355328,2.2838512625322855,0.02238027376912837,0.047414948418382646,RN7SL451P
ENSG00000265185.5,8174.119937547311,5.543301181654361,0.1026846657043167,53.983729154034044,0,0,SNORD3B-1
ENSG00000265345.1,11.122980076535807,3.828495996230481,1.1012970257560757,3.476351889357093,5.082848916370781e-4,0.0015522832893839482,MIR5188
ENSG00000265388.2,156.51492491850536,1.2497524143370082,0.2737143952256798,4.565899478200907,4.973570717150276e-6,1.99998334627327e-5,RN7SL391P
ENSG00000265439.2,190.38529859173087,1.3101688256985702,0.24245556426468837,5.403748227729931,6.526253357078486e-8,3.131137387888072e-7,RN7SL811P
ENSG00000265641.1,10.8770520884196,2.8578349545563664,1.0129890466664253,2.8211903810421397,0.004784579881212057,0.012046148556364189,MIR3929
ENSG00000265735.2,135.37714403525897,4.428758347903346,0.3595580919515112,12.317226192480167,7.31678827013611e-35,1.079595895669467e-33,RN7SL5P
ENSG00000265753.2,36.77948642209022,3.4736802233676927,0.6415464178088245,5.414542310487689,6.144567313847342e-8,2.957017460889917e-7,RN7SL444P
ENSG00000265813.2,39.89602302621242,2.557822596785727,0.5836764029325526,4.382261444756915,1.1745374193577882e-5,4.544663500125021e-5,RN7SL300P
ENSG00000265905.2,100.6645355617085,1.4667551069441989,0.3233372868235334,4.5363005341994604,5.7249583754475634e-6,2.2898303786793474e-5,RN7SL96P
ENSG00000266015.1,16.539520551743635,4.410468989029722,1.0066326255335958,4.381408745511125,1.179144281147842e-5,4.559703111470433e-5,MIR4309
ENSG00000266079.4,698.6689076565274,4.638499929812744,0.17460355127165783,26.565896833311882,1.682735106184916e-155,1.3292275358565702e-153,SNORA59B
ENSG00000266104.1,5.188571674947619,6.576985971459249,2.0721003653050265,3.1740672805156684,0.0015031884246258882,0.004207803184333786,MIR4326
ENSG00000266308.2,102.21921706292686,1.1120359415709242,0.3500823222566334,3.1764984144378725,0.001490646043928505,0.0041773810037565836,RN7SL510P
ENSG00000266733.7,26.283491103186016,2.2882077089446633,0.6855320315013055,3.337856735787416,8.442726789923651e-4,0.0024799681577387586,TBC1D29P
ENSG00000266754.2,633.5861642589937,2.2267989749210577,0.16623448741773345,13.39552946871546,6.421644638082843e-41,1.109354859636031e-39,RN7SL524P
ENSG00000266863.2,72.43262401165427,1.0252424249607128,0.39273755377340896,2.6105026502055093,0.00904092714354745,0.021298967329518696,RN7SL123P
ENSG00000267135.2,5.715301756686605,5.2465974443249035,1.9496325934308942,2.691069826183059,0.007122328580492868,0.017202765070011738,AD000091.1
ENSG00000267419.2,52.32921211978599,1.317788533260994,0.4403828573505242,2.992370187134909,0.002768203670591378,0.007345075023501256,AC011477.1
ENSG00000267500.1,46.13195233680928,2.033720454505493,0.5093865006688609,3.9924898909473896,6.538312117035517e-5,2.2926210840924023e-4,ZNF887P
ENSG00000267544.1,4.850369897070462,3.9557594953589708,1.6707451904695139,2.367661758312362,0.017900892931574458,0.03897808229257701,AC007229.1
ENSG00000267809.1,198.6595816698521,4.2176978095995326,0.28490250421919533,14.80400399132527,1.3801627689571505e-49,2.875387124359024e-48,NDUFV2P1
ENSG00000268903.1,64.3046569419026,1.5483234344973862,0.4318372119855109,3.585433101928548,3.365192617832252e-4,0.001058601834534643,AL627309.6
ENSG00000269014.1,20.446804151477544,8.558496619012123,1.6281484999408418,5.256582319931562,1.4675710158608758e-7,6.838309894605899e-7,AC008622.1
ENSG00000270025.2,498.0499951151252,13.171487400946315,1.4550929875400818,9.051990157146912,1.4038596056382584e-19,1.2778579773061167e-18,BMS1P7
ENSG00000270285.1,45.220311824113296,2.785177384575845,0.518301987382015,5.3736575440198475,7.715533083450457e-8,3.675220834563879e-7,AC124916.2
ENSG00000270367.1,26.002501221128576,1.8656837473196335,0.6316161240379523,2.953825395387672,0.0031386152914382208,0.008227288730853467,AC092053.1
ENSG00000270722.1,607.7682347499793,1.8331391763773477,0.1820017184010994,10.072098178421783,7.339535070624057e-24,7.739732333368899e-23,U1
ENSG00000270804.1,45.59260310188653,2.1959368573771063,0.4972571802779208,4.416098840744302,1.0049814488392174e-5,3.913912884877205e-5,AC010326.4
ENSG00000271121.2,145.08389836197097,1.4020505352399226,0.2895248306973241,4.842591676379075,1.2815647406126061e-6,5.4685697269755136e-6,NUDT4P2
ENSG00000271394.1,10.411901354333532,6.135572401424721,1.7216882682353254,3.563695306882403,3.6567039018359996e-4,0.0011419046773043303,7SK
ENSG00000271699.5,87.93744450522085,2.080921391848397,0.36017451318856913,5.77753648759409,7.580228682367635e-9,3.89858935393785e-8,SNX29P2
ENSG00000271798.1,40.66283555783163,1.8017157858823036,0.5149036557539031,3.4991318584528157,4.667756864246615e-4,0.0014344416444448283,SNORA51
ENSG00000271852.1,17.623675157329636,2.6872985131643783,0.8233101347111038,3.2640172880992657,0.00109844462673662,0.0031653898580460992,SNORD11B
ENSG00000271986.2,28.96110149926094,2.4661181575577102,0.6290243231131109,3.920544988391894,8.834894001841742e-5,3.043142666024705e-4,RN7SL827P
ENSG00000272075.2,26.38474582437606,2.691853985850352,0.6533851054695132,4.119858202026237,3.791056335281856e-5,1.3723898980129166e-4,RN7SL828P
ENSG00000272533.1,186.1123504472904,2.9936131713101917,0.2673837284034107,11.195943706767483,4.268329456713515e-29,5.387236394396678e-28,SNORA28
ENSG00000272556.2,74.26865115675977,1.9875577945154366,0.3866728451643092,5.140153541609218,2.74514053893153e-7,1.2478593600748882e-6,GTF2IP13
ENSG00000272601.1,10.573912204483674,3.165266149835753,1.2569120961445521,2.5182876030431083,0.011792698422057823,0.026960657148496915,AC010655.3
ENSG00000272645.3,284.09152711772276,2.158713820522806,0.21575869886694396,10.005222648538778,1.4456613055629647e-23,1.5111804527215099e-22,GTF2IP20
ENSG00000272779.1,143.78463765086292,1.0363655947707995,0.2849732141378201,3.636712306124278,2.761400542869917e-4,8.817279165149272e-4,AC245060.4
ENSG00000273623.1,34.5937789021579,6.264848044154408,0.9959641770262407,6.290234316318535,3.1698713444858167e-10,1.8072673454811726e-9,AC005045.1
ENSG00000273727.1,32.973949221483956,6.7912379034483585,1.1580222076325946,5.864514392458882,4.5044902657785265e-9,2.353087237425886e-8,U1
ENSG00000274012.1,2410403.0539795156,5.321379918615143,0.12420763806925318,42.842614200973344,0,0,RN7SL2
ENSG00000274054.1,5.666905116315322,5.215091013566552,1.9334374597178903,2.697315595782183,0.0069900987845154024,0.01690794032567037,MIR4727
ENSG00000274135.1,195.9587673420225,1.4170320003974604,0.2617486725554495,5.413712270488298,6.173133441209743e-8,2.9688557263122455e-7,Metazoa_SRP
ENSG00000274206.1,148.79391046734878,1.330922258826549,0.27264397998300055,4.881539137264401,1.0526102660485454e-6,4.5368623876995905e-6,Metazoa_SRP
ENSG00000274210.1,86.67145227636192,4.175032482949462,0.4491383901851249,9.295648232671907,1.4631189167600978e-20,1.37918306454546e-19,U1
ENSG00000274258.1,28.746621970787494,4.986230034007511,0.8271186226672504,6.028434008568406,1.6555597088558967e-9,8.970886255878342e-9,MIR6728
ENSG00000274380.1,5.899451458091287,3.615559009407746,1.4751819073300587,2.4509241819211094,0.014248996307008542,0.03192773381028528,MIR6801
ENSG00000274428.1,171.39954484968723,5.201123914533268,0.4056646667173733,12.821239662356131,1.246908450766908e-37,1.9730415010073835e-36,U1
ENSG00000274602.5,1685.699542674924,2.264858377109779,0.11365303050315043,19.927830934934885,2.3346317496286635e-88,9.124569885167483e-87,PI4KAP1
ENSG00000274615.1,79.90189469633144,1.655664221630946,0.4457819381555166,3.7140675292531635,2.0395433103057167e-4,6.650675048898001e-4,AC233968.1
ENSG00000274848.1,66.95095976685924,1.222976146844263,0.4332045138576482,2.823091883216469,0.00475629382746837,0.011981986250988562,Metazoa_SRP
ENSG00000274978.1,713.188571728551,5.122322916937013,0.46921816239343317,10.916719188380466,9.589751274374444e-28,1.1497716205535527e-26,RNU11
ENSG00000275084.3,47.076610520368995,2.9427621678501343,0.5012783307516537,5.870515414934333,4.344423832487405e-9,2.2726430315744878e-8,SNORD91B
ENSG00000275090.1,33.29829978753727,3.023043740661917,0.6028347833333185,5.014713523904974,5.311254060655725e-7,2.354632371803807e-6,RN7SL296P
ENSG00000275143.1,2141.1672039467353,5.000030563535292,0.15315377995517393,32.64712477223046,8.802621987833914e-234,1.1924565478360712e-231,SCARNA16
ENSG00000275161.1,21.377072356571734,7.178187628671375,1.5789602912453733,4.546148290410598,5.463654880838627e-6,2.1902905707357635e-5,AL117190.5
ENSG00000275208.1,9.46791167531602,2.8070982850622297,1.091378817309195,2.572065941304558,0.010109363460612066,0.023476118777831526,MIR6745
ENSG00000275291.1,104.58077769525508,4.314398330118688,0.42556048006632247,10.138155520095053,3.7409621190158274e-24,3.991337274379752e-23,U1
ENSG00000275538.1,16.030749657860646,8.209057487781273,1.6553702816164424,4.9590460689950655,7.084016825705793e-7,3.1055981216573444e-6,RNVU1-19
ENSG00000275708.1,779.3952571252619,1.116009530621223,0.14512877106962063,7.6897883334645964,1.4737864238791675e-14,1.0795746992438101e-13,MIR3648-1
ENSG00000275950.1,16.24985630276223,4.738619818613408,1.0408010121214177,4.5528585804839805,5.292185007220736e-6,2.1249655947716526e-5,MIR6724-1
ENSG00000275978.1,128.11919537735128,1.1858072723747421,0.29589206246715277,4.0075670245678845,6.134745481215339e-5,2.158444120538545e-4,Metazoa_SRP
ENSG00000276027.1,463.4161588015349,2.9080756951345297,0.19492287931491703,14.91910906177539,2.4755669190764513e-50,5.241408940828204e-49,RNU12
ENSG00000276128.2,62.533791801878834,1.0922701513650435,0.40451899997727636,2.7001702056674746,0.006930401016756249,0.01678931426117888,AL591441.1
ENSG00000276168.1,2892338.7186881863,5.183022730706946,0.12572190368530017,41.22609170539439,0,0,RN7SL1
ENSG00000276185.1,27.874151328064904,9.005062381182126,1.600886552201128,5.625047177016183,1.8545728280086177e-8,9.2598734698002e-8,AC005045.2
ENSG00000276213.1,202.03208510055725,5.311621689522975,0.35029709583744206,15.163190767610224,6.1983463387382866e-52,1.3456569448088966e-50,Metazoa_SRP
ENSG00000276281.1,25.647536564749267,1.8627343900132465,0.6658364243767849,2.797585595826699,0.005148612311205161,0.012865299672219357,RN7SL126P
ENSG00000276493.1,140.69296884108084,2.1194258923958906,0.28840249929002554,7.348847175781709,1.9992360665107481e-13,1.377517361546577e-12,Metazoa_SRP
ENSG00000276588.1,11.316049983833253,3.283176557007985,1.1502641881201303,2.854280426111205,0.004313443773948822,0.010968816759065645,RN7SL322P
ENSG00000276610.1,2.8268031539827048,5.714994231697798,2.4186877449605197,2.362849129080564,0.018135050733638736,0.039419672465234624,SNORD64
ENSG00000276712.1,26.634886738968753,2.056600748309703,0.6431665951249054,3.1976174818443477,0.0013856795478041357,0.003908467524228398,MIR7111
ENSG00000276805.2,82.97151255769124,2.023054812759447,0.3787079018460373,5.34199260933804,9.193040404520324e-8,4.352700357908105e-7,AL133216.2
ENSG00000276839.1,75.96378433401215,2.555088700636816,0.4193191863131791,6.0934218705854395,1.1052228862850476e-9,6.071222526532432e-9,Metazoa_SRP
ENSG00000276926.1,11.754942928802576,2.6393626690717404,0.9780957329744264,2.6984706916626022,0.00696588713452722,0.016860273994136626,MIR6797
ENSG00000276956.1,12.71189158858692,3.4992192928026613,0.9980372287952887,3.5061009668211485,4.547226916861418e-4,0.0013988376432079442,RN7SL769P
ENSG00000277168.1,39.03437592393561,1.1960724427449343,0.5167127376002012,2.314772514221195,0.02062538489054016,0.04412797633480964,Metazoa_SRP
ENSG00000277209.1,4131114.3045370327,9.088550767363559,0.1095625733704484,82.95306040899322,0,0,RPPH1
ENSG00000277396.1,170.90385808358596,1.3408565749322154,0.2699077979768318,4.967831922541605,6.770560555750245e-7,2.975587814416483e-6,Metazoa_SRP
ENSG00000277406.2,76.90841773011569,2.910231517934868,0.4352492010378073,6.686356944471622,2.2879458423935373e-11,1.4001742156495854e-10,SEC22B4P
ENSG00000277591.1,6.549174559155445,3.3355244083209055,1.3732738489435337,2.4288851134003178,0.015145330691545172,0.03365654024966445,RN7SL575P
ENSG00000277605.1,73.20500030446051,1.0086057463354634,0.3859559734795321,2.613266319581789,0.008968138876241885,0.02114579362659916,Metazoa_SRP
ENSG00000277610.1,46.19500958207108,4.212527102959393,0.5879057031895547,7.1653108314909035,7.761025722465495e-13,5.184060421222043e-12,RNVU1-4
ENSG00000277628.1,192.39774029470968,2.591457932939419,0.26831695914638953,9.658196564181992,4.53781751832589e-22,4.5074048063583444e-21,Metazoa_SRP
ENSG00000277702.1,12.325773886446028,4.317909023103445,1.1202255273061188,3.8544997572828117,1.159664986214232e-4,3.936286888580689e-4,AC239859.5
ENSG00000277759.1,2.765306644320118,5.687370629314999,2.502135802184049,2.273006374934023,0.023025795777016037,0.04864829032973225,MIR6719
ENSG00000277887.1,136.65092678318123,1.3031640927681831,0.2915620630205053,4.469594155246915,7.836815541991648e-6,3.0927838610090425e-5,SNORA50C
ENSG00000277918.1,1440.757372904201,3.3276679966181337,0.11736499679947003,28.353155432737676,7.652865825304796e-177,7.227492021387224e-175,U1
ENSG00000277925.1,11500.643456746,4.3351926174029645,0.41868812292977087,10.354228792227127,4.0040031360929404e-25,4.4233153464335954e-24,Telomerase-vert
ENSG00000277946.1,8.186283772519232,3.3354475462130875,1.2162114210040533,2.7424899064502135,0.00609753238570359,0.014980134955128349,RN7SL478P
ENSG00000278040.1,18.141485033175858,2.6577520391786,0.7838145364298339,3.390791973933388,6.969097737974274e-4,0.002075821789667434,AL158825.3
ENSG00000278099.1,42.07250358695294,2.3125153173940136,0.5084271817325512,4.54837074114277,5.406283291385681e-6,2.1693246103404976e-5,U1
ENSG00000278233.1,72.9837136167421,1.1996290964073837,0.413489507982947,2.90123225196045,0.0037169827457059,0.009587426255834766,RNA5-8SN2
ENSG00000278261.1,6.891556000431141,4.51797458054506,1.5757681879393415,2.867156866806209,0.004141776644892459,0.010575395240493852,SNORD1A
ENSG00000278596.1,19.67832574502089,5.4523416008144565,1.0818978311067085,5.039608587843345,4.664848955694749e-7,2.0769816781021623e-6,MIR6077
ENSG00000278715.1,9.393199195293851,7.450738972321151,1.9276320872341173,3.865228754835639,1.1098513000054559e-4,3.7774816074992424e-4,SNORD116-20
ENSG00000278746.1,262.1508411755427,5.0319746565430075,0.2854910329581379,17.625683736556642,1.564655901983831e-69,4.722043184837896e-68,RN7SL660P
ENSG00000278770.1,73.00694621674592,10.39866485424768,1.4914915818308345,6.9719903088444655,3.1248808527931858e-12,2.0166562399422808e-11,Metazoa_SRP
ENSG00000278771.1,104305.36570104258,5.350664367918107,0.2545192279656959,21.022633184473076,4.0720440354345773e-98,1.8669043542548297e-96,RN7SL3
ENSG00000278898.1,13.423392976362605,5.495858575728301,1.357243274701885,4.049280389276898,5.1375362490435484e-5,1.8262593234845138e-4,AC087045.3
ENSG00000278974.1,110.32674939175597,1.5780252389343288,0.32038786415159803,4.925358964869075,8.420562723539646e-7,3.6641687037402607e-6,AC093909.6
ENSG00000279063.1,2.8268031539827048,5.714994231697798,2.4186877449605197,2.362849129080564,0.018135050733638736,0.039419672465234624,AC008735.5
ENSG00000279091.1,74.4125730811534,1.5503409889725552,0.3772731345438493,4.109333125050185,3.968033302381333e-5,1.432127558851023e-4,AC026523.2
ENSG00000279123.1,394.88642292833924,5.248245201173032,0.25138758098513453,20.877106102880155,8.647312339370232e-97,3.922473285091909e-95,AC027281.2
ENSG00000279140.1,11.30309100306642,4.165482171195648,1.2119411502517652,3.4370333661253456,5.881231486882196e-4,0.0017756384454848647,AL590326.1
ENSG00000279199.1,126.14226569240233,1.4738933358746609,0.3260717720838816,4.520150046890607,6.179581718734695e-6,2.464424104109222e-5,AC068669.1
ENSG00000279212.1,35.86902001386872,1.2879102571973948,0.5400055894598136,2.3849943080880633,0.017079385605688842,0.03738831867966603,AL390961.3
ENSG00000279259.1,75.83145940505085,2.6288127961543686,0.38882474863229916,6.760919425528554,1.3711876922326829e-11,8.51672554565603e-11,AC087741.3
ENSG00000279302.3,28.71928148717689,1.3600946891562429,0.5913084536954971,2.300144164447619,0.021440053893816015,0.045619924198512,AC013643.3
ENSG00000279306.1,54.652774877994815,2.3104391378179416,0.46759630650061973,4.941097920787104,7.768387922457037e-7,3.39072747663681e-6,AL139288.2
ENSG00000279330.1,41.90010292012901,1.3480694111373301,0.5051146762423615,2.66883833422909,0.007611407631450645,0.018258221343620432,AJ003147.3
ENSG00000279337.1,442.38238869311965,2.113969211047186,0.19094725520455763,11.070958882244925,1.7353373360156142e-28,2.1459119853628852e-27,AC127024.7
ENSG00000279344.1,174.25571678005454,1.5420730003163765,0.2595131687698376,5.9421762973579275,2.812626858649415e-9,1.494310965292745e-8,AC007342.6
ENSG00000279452.1,28.152876031900774,1.3817873046098568,0.5996469294737898,2.3043348288674155,0.021203855284231424,0.045161481932061376,AC006277.1
ENSG00000279491.1,59.233279647954376,1.1152660270654668,0.4218469434037323,2.64376936826135,0.008198849964512766,0.019522279123565807,AP003733.3
ENSG00000279504.1,21.249336119750144,3.3204673664635718,0.7974857366843193,4.16366991122496,3.131727769424084e-5,1.1470230726818965e-4,AD001527.2
ENSG00000279539.1,59.522957533768015,1.5419218857303805,0.43533188304583287,3.5419456873735182,3.971872461998925e-4,0.001232865917753487,AC006486.2
ENSG00000279569.1,357.2168593375677,1.6986244918485822,0.20644720668596378,8.227887987036013,1.9054313347603614e-16,1.5256700534917277e-15,AC020763.4
ENSG00000279573.1,474.8007753641977,2.092063611739186,0.18819854347439693,11.116258251083629,1.0456605508393614e-28,1.3038311358196085e-27,AC134407.2
ENSG00000279584.1,16.679685478312127,1.9536986512647951,0.853477689406655,2.289103365575992,0.022073347329639812,0.04683761232934699,AC005593.1
ENSG00000279602.1,1061.4712506063152,2.406425185820187,0.13220466009331386,18.202272023706747,4.9511007724567e-74,1.5768729247426455e-72,AC109326.1
ENSG00000279605.1,118.85229533539831,2.652623327995835,0.3134186652462546,8.463514213206338,2.594387771699703e-17,2.1641343301517335e-16,AC067930.5
ENSG00000279649.1,164.3131902369075,1.2012878466664283,0.2578493725774396,4.658874422142124,3.1794307745892538e-6,1.304629914057745e-5,AC020978.9
ENSG00000279650.1,10.929686442723561,2.2641420898192637,1.000249326382665,2.2635777201744114,0.02360009945091583,0.04967538839302591,AC073912.3
ENSG00000279692.1,79.54077535463419,2.060655070143975,0.38866129485011597,5.301930234495436,1.1458463311153642e-7,5.383607573906431e-7,AC110285.6
ENSG00000279716.1,288.7972781988275,3.624319254151548,0.23024512042090003,15.741133829573041,7.901507828435041e-56,1.83376233618363e-54,AC006128.1
ENSG00000279861.1,120.37538997465772,2.252708361380267,0.31734137598977646,7.098690973889396,1.2594406655117217e-12,8.295959217621547e-12,AC073548.1
ENSG00000279879.1,109.6420693471949,1.5952881284724763,0.3239406977334297,4.924630154946558,8.452005736252866e-7,3.676782152454785e-6,AC091152.4
ENSG00000279905.1,60.22982084328551,1.0885251407632044,0.41714077874027095,2.609491078888178,0.009067701035700796,0.021355320453650916,AC063926.3
ENSG00000279943.1,16.833422514657716,3.370097462019183,0.8825824559402565,3.818450547409601,1.3429249726600064e-4,0.00045097574684795593,AC110771.1
ENSG00000279955.3,3.5820408026235864,6.0403773567875785,2.6187214573027124,2.3066131527440787,0.021076395648841256,0.04491317054132035,AC129778.1
ENSG00000279964.1,22.79804464224639,2.108733582151108,0.7047469991642372,2.9921852588969733,0.002769881185571135,0.007348874772565459,AC009949.1
ENSG00000280000.1,148.34868269604564,2.1909791106636516,0.27846979510255787,7.8679237360616945,3.605752637698477e-15,2.7102440991066284e-14,AC009135.2
ENSG00000280013.1,7.427007349004282,4.573205837654964,1.5429667919346508,2.963904253519834,0.003037627846601884,0.007994066672957736,CU639417.3
ENSG00000280047.1,22.77176206567345,1.7161009356941275,0.6741581806203965,2.5455464088782245,0.01091068596190401,0.0251458134201295,AC091825.3
ENSG00000280092.1,93.25019703322573,2.759744338777285,0.43894843462110505,6.287172071041699,3.233009742266197e-10,1.841538185286727e-9,AC002044.3
ENSG00000280129.1,57.55193134516384,1.103164150567032,0.44060530071053344,2.5037468881741463,0.01228859108366713,0.027955610931825723,AL132780.5
ENSG00000280143.1,80.72879245858562,1.5361119163627663,0.37999029774607923,4.042502994087607,5.288363715047123e-5,1.875420906196171e-4,AP000892.4
ENSG00000280186.1,83.78095912186144,2.8147248715052524,0.3737777606181593,7.5304771125232755,5.055525245958669e-14,3.5933598008905657e-13,AL359258.3
ENSG00000280254.1,123.34897714479999,1.5069037909623377,0.2934778613440749,5.134642129600489,2.826813992979583e-7,1.2830375579415216e-6,AC233723.2
ENSG00000280325.1,11.706745227489902,2.475899584618207,1.0387665101350412,2.3834996223514526,0.017148902064499684,0.03751306663795057,AC074183.2
ENSG00000280334.1,169.30676904375898,1.8513322565979913,0.25882479171593464,7.152839742762607,8.500081995041752e-13,5.663820493379923e-12,AC009084.2
ENSG00000280390.1,423.23130748692273,1.0927391653768652,0.17473224868324375,6.253792151200394,4.0060409313163917e-10,2.269736059836301e-9,AC010872.1
ENSG00000280407.2,93.43776104107639,2.768639001690152,0.37074730423255037,7.467725240568519,8.159298703953616e-14,5.740848051679515e-13,AC132872.4
ENSG00000280409.1,104.91465920637167,1.696848022945437,0.3229091923663651,5.254876798366996,1.481235934869697e-7,6.896616083690357e-7,LINC01101
ENSG00000280422.1,194.5018013012704,2.210565703234598,0.2576240660535051,8.580586965720403,9.439023622497616e-18,8.029501777931719e-17,AC115284.2
ENSG00000280440.1,6.408703068081821,3.7407183360608136,1.4577371104757555,2.5661131277915885,0.010284527980140552,0.023853284681550038,AC002064.3
ENSG00000280649.2,49.82793353996256,1.4486369268860975,0.46421915146546167,3.1205884598104037,0.0018049007909718081,0.004963725875446812,AC245100.7
ENSG00000280665.1,176.39264692153577,1.0171938737761026,0.25460401206991157,3.995199704460242,6.463974257563141e-5,2.2678830578099767e-4,AL513210.2
ENSG00000280968.1,16.579253975814904,3.375912951184661,0.8896440799978178,3.79467814948304,1.47835102117168e-4,4.936851407901589e-4,AC002059.2
ENSG00000281369.1,257.21550241167586,3.0072617464383486,0.2703944127461288,11.121759935409033,9.831322925481712e-29,1.2273984392955442e-27,AC093826.2
ENSG00000281571.2,44.77100695001618,1.6831738905889853,0.49086412701105414,3.429001627880378,6.05805893989746e-4,0.0018257113805380527,AC241585.2
ENSG00000281780.1,17.166718074059986,2.1113847425985064,0.784527960441349,2.6912804247419206,0.007117833648053657,0.017193295445814945,snoZ196
ENSG00000281909.1,52.03361092258799,9.910537617951524,1.508867254969402,6.568197159366745,5.092808178991526e-11,3.05303346541146e-10,HERC2P7
ENSG00000282051.1,35.53190940610718,2.0829528882873682,0.5511390995294722,3.7793596753807925,1.5723217083087068e-4,5.23314811599178e-4,AC010507.1
ENSG00000282416.1,31.42925468640559,9.181739086415675,1.552995142828109,5.912278044666069,3.3740834478308783e-9,1.7815398635125367e-8,AC092299.1
ENSG00000282826.2,960.2923431595271,1.562647618655482,0.15934284274270305,9.806826536782381,1.0522577898318391e-22,1.0678811427791728e-21,FRG1CP
ENSG00000282993.1,1503.011616528017,2.3120562155137097,0.11332748801167356,20.401548256990846,1.620042646676638e-92,6.860090064526901e-91,AL356737.1
ENSG00000282994.1,5.0961569966622005,5.063948834180043,1.9662589931985202,2.5754231012784845,0.0100117533082875,0.023281953592008013,AC215524.1
ENSG00000283050.2,510.08925748090127,1.5466747774277463,0.15782635976340476,9.799850796447085,1.1275207015011812e-22,1.1427120772356927e-21,GTF2IP12
ENSG00000283160.1,16.171022209875662,8.225393253748027,1.6439087333922746,5.0035583403554185,5.628162245934064e-7,2.489964848807064e-6,MIR4521
ENSG00000283196.2,776.6146158915649,2.93876610662215,0.20332838069609216,14.453300107743548,2.3895670498048055e-47,4.762906680230111e-46,AC006453.2
ENSG00000283293.1,3086215.7672838815,5.509678303345497,0.4136872090112239,13.318464248663807,1.807881643891272e-40,3.091054292108333e-39,RN7SK
ENSG00000283545.1,9.621905701254356,7.4743694026474925,1.7726729172405982,4.216440229866176,2.481890298630181e-5,9.225581296298777e-5,U6
ENSG00000283676.1,8.524626438920858,7.295869761950042,1.8334483192892463,3.979315743559303,6.911390116799385e-5,2.4155171295440112e-4,MIR5087
ENSG00000284250.1,122.79229787770352,6.102638431210617,0.5054959544874623,12.072576203697352,1.4744497341715148e-33,2.1080265588169444e-32,MIR6516
ENSG00000284419.1,1996.8928656998,1.091771166633462,0.12835467149531185,8.505893505195399,1.8020231872212205e-17,1.516698627467779e-16,MIR663A
ENSG00000284620.2,60.660451125074225,1.1385202675700339,0.4249838670564803,2.6789729112675347,0.0073848367924467424,0.017770857960957367,AF228730.5
ENSG00000284649.1,41.69591921971508,4.645677686832613,0.6579395647527484,7.0609489620501,1.6536933105246986e-12,1.0840435806982359e-11,AC009093.8
ENSG00000286032.1,56.95036991096368,4.8560531300919365,0.618062958794967,7.85689072770151,3.937860992365187e-15,2.954678756627292e-14,FP236383.6
ENSG00000286156.1,346.27181244216007,1.9222130920332512,0.1878479487581057,10.232813851528986,1.41351487503043e-24,1.5360365999513978e-23,AC026273.1
ENSG00000286172.1,169.54548083994587,4.410251264726784,0.3315982832522743,13.299982199761693,2.315234371235138e-40,3.9449907004005444e-39,RNVU1-8
ENSG00000286620.1,13.54596333011437,2.872439363444604,0.9486587697787022,3.027895229508784,0.0024626345073792844,0.006599650743322791,AC239860.3
